SAVE_MOVE,2026-05-23 16:39:00
SAVE_MOVE,2026-05-23 16:39:00
SAVE_MOVE,2026-05-23 16:39:00
SAVE_MOVE,2026-05-23 16:39:00
SAVE_MOVE,2026-05-23 16:39:00
SAVE_MOVE,2026-05-23 16:39:00
SAVE_MOVE,2026-05-23 16:39:00
SAVE_MOVE,2026-05-23 16:39:00
REGISTER_TRAINER,2026-05-23 16:39:00
REGISTER_TRAINER,2026-05-23 16:39:00
REGISTER_TRAINER,2026-05-23 16:39:00
REGISTER_TRAINER,2026-05-23 16:39:00
REGISTER_TRAINER,2026-05-23 16:39:00
REGISTER_TRAINER,2026-05-23 16:39:00
ADD_CREATURE,2026-05-23 16:39:00
ADD_CREATURE,2026-05-23 16:39:00
ADD_CREATURE,2026-05-23 16:39:00
ADD_CREATURE,2026-05-23 16:39:00
ADD_CREATURE,2026-05-23 16:39:00
ADD_CREATURE,2026-05-23 16:39:00
SAVE_WILD_CREATURE,2026-05-23 16:39:00
SAVE_WILD_CREATURE,2026-05-23 16:39:00
PRINT_RANKING,2026-05-23 16:39:00
READ_ALL_TRAINERS,2026-05-23 16:40:41
REGISTER_TRAINER,2026-05-23 16:40:41
REGISTER_TRAINER,2026-05-23 16:40:41
REGISTER_TRAINER,2026-05-23 16:40:41
READ_ALL_TRAINERS,2026-05-23 16:40:49
REGISTER_TRAINER,2026-05-23 16:40:49
REGISTER_TRAINER,2026-05-23 16:40:49
REGISTER_TRAINER,2026-05-23 16:40:49
READ_ALL_TRAINERS,2026-05-23 16:45:13
REGISTER_TRAINER,2026-05-23 16:45:13
REGISTER_TRAINER,2026-05-23 16:45:13
REGISTER_TRAINER,2026-05-23 16:45:13
READ_ALL_TRAINERS,2026-05-23 16:49:20
REGISTER_TRAINER,2026-05-23 16:49:20
REGISTER_TRAINER,2026-05-23 16:49:20
REGISTER_TRAINER,2026-05-23 16:49:20
PRINT_RANKING,2026-05-23 16:49:23
REGISTER_TRAINER,2026-05-23 16:49:48
REGISTER_TRAINER,2026-05-23 16:49:48
PRINT_RANKING,2026-05-23 16:49:50
SAVE_WILD_CREATURE,2026-05-23 16:50:54
READ_ALL_WILD_CREATURES,2026-05-23 16:51:03
READ_ALL_TRAINERS,2026-05-23 16:51:39
REGISTER_TRAINER,2026-05-23 16:51:39
REGISTER_TRAINER,2026-05-23 16:51:39
REGISTER_TRAINER,2026-05-23 16:51:39
READ_ALL_WILD_CREATURES,2026-05-23 16:51:44
DELETE_WILD_CREATURE,2026-05-23 16:52:00
READ_ALL_TRAINERS,2026-05-23 17:02:11
REGISTER_TRAINER,2026-05-23 17:02:11
REGISTER_TRAINER,2026-05-23 17:02:11
REGISTER_TRAINER,2026-05-23 17:02:11
READ_ALL_TRAINERS,2026-05-23 17:04:19
REGISTER_TRAINER,2026-05-23 17:04:19
REGISTER_TRAINER,2026-05-23 17:04:19
REGISTER_TRAINER,2026-05-23 17:04:19
READ_ALL_TRAINERS,2026-05-23 17:04:45
REGISTER_TRAINER,2026-05-23 17:04:45
REGISTER_TRAINER,2026-05-23 17:04:45
REGISTER_TRAINER,2026-05-23 17:04:45
READ_ALL_TRAINERS,2026-05-23 17:04:49
READ_ALL_MOVES,2026-05-23 17:04:49
READ_ALL_TRAINER_CREATURES,2026-05-23 17:04:49
READ_ALL_WILD_CREATURES,2026-05-23 17:04:49
READ_ALL_TRAINERS,2026-05-23 17:05:19
READ_ALL_TRAINER_CREATURES,2026-05-23 17:05:19
READ_ALL_MOVES,2026-05-23 17:05:19
READ_ALL_WILD_CREATURES,2026-05-23 17:05:19
READ_ALL_TRAINERS,2026-05-23 17:05:49
READ_ALL_MOVES,2026-05-23 17:05:49
READ_ALL_TRAINER_CREATURES,2026-05-23 17:05:49
READ_ALL_WILD_CREATURES,2026-05-23 17:05:49
READ_ALL_TRAINERS,2026-05-23 17:06:19
READ_ALL_WILD_CREATURES,2026-05-23 17:06:19
READ_ALL_MOVES,2026-05-23 17:06:19
READ_ALL_TRAINER_CREATURES,2026-05-23 17:06:19
READ_ALL_TRAINERS,2026-05-23 17:06:49
READ_ALL_MOVES,2026-05-23 17:06:49
READ_ALL_TRAINER_CREATURES,2026-05-23 17:06:49
READ_ALL_WILD_CREATURES,2026-05-23 17:06:49
READ_ALL_TRAINER_CREATURES,2026-05-23 17:07:19
READ_ALL_TRAINERS,2026-05-23 17:07:19
READ_ALL_MOVES,2026-05-23 17:07:19
READ_ALL_WILD_CREATURES,2026-05-23 17:07:19
READ_ALL_TRAINERS,2026-05-23 17:07:49
READ_ALL_MOVES,2026-05-23 17:07:49
READ_ALL_TRAINER_CREATURES,2026-05-23 17:07:49
READ_ALL_WILD_CREATURES,2026-05-23 17:07:49
READ_ALL_TRAINERS,2026-05-23 17:08:19
READ_ALL_TRAINER_CREATURES,2026-05-23 17:08:19
READ_ALL_MOVES,2026-05-23 17:08:19
READ_ALL_WILD_CREATURES,2026-05-23 17:08:19
READ_ALL_TRAINERS,2026-05-23 17:08:49
READ_ALL_MOVES,2026-05-23 17:08:49
READ_ALL_TRAINER_CREATURES,2026-05-23 17:08:49
READ_ALL_WILD_CREATURES,2026-05-23 17:08:49
READ_ALL_TRAINERS,2026-05-23 17:09:19
READ_ALL_TRAINER_CREATURES,2026-05-23 17:09:19
READ_ALL_MOVES,2026-05-23 17:09:19
READ_ALL_WILD_CREATURES,2026-05-23 17:09:19
READ_ALL_TRAINERS,2026-05-23 17:09:49
READ_ALL_TRAINER_CREATURES,2026-05-23 17:09:49
READ_ALL_MOVES,2026-05-23 17:09:49
READ_ALL_WILD_CREATURES,2026-05-23 17:09:49
READ_ALL_TRAINERS,2026-05-23 17:10:19
READ_ALL_MOVES,2026-05-23 17:10:19
READ_ALL_TRAINER_CREATURES,2026-05-23 17:10:19
READ_ALL_WILD_CREATURES,2026-05-23 17:10:19
READ_ALL_TRAINERS,2026-05-23 17:10:49
READ_ALL_TRAINER_CREATURES,2026-05-23 17:10:49
READ_ALL_MOVES,2026-05-23 17:10:49
READ_ALL_WILD_CREATURES,2026-05-23 17:10:49
READ_ALL_TRAINERS,2026-05-23 17:11:03
READ_ALL_MOVES,2026-05-23 17:11:03
READ_ALL_TRAINER_CREATURES,2026-05-23 17:11:03
READ_ALL_WILD_CREATURES,2026-05-23 17:11:03
READ_ALL_TRAINERS,2026-05-23 17:11:30
READ_ALL_MOVES,2026-05-23 17:11:30
READ_ALL_TRAINER_CREATURES,2026-05-23 17:11:30
READ_ALL_WILD_CREATURES,2026-05-23 17:11:30
READ_ALL_TRAINERS,2026-05-23 17:11:33
READ_ALL_MOVES,2026-05-23 17:11:33
READ_ALL_TRAINER_CREATURES,2026-05-23 17:11:33
READ_ALL_WILD_CREATURES,2026-05-23 17:11:33
READ_ALL_TRAINERS,2026-05-23 17:11:33
READ_ALL_MOVES,2026-05-23 17:11:33
READ_ALL_TRAINER_CREATURES,2026-05-23 17:11:33
READ_ALL_WILD_CREATURES,2026-05-23 17:11:33
READ_ALL_TRAINERS,2026-05-23 17:11:39
READ_ALL_MOVES,2026-05-23 17:11:39
READ_ALL_TRAINER_CREATURES,2026-05-23 17:11:39
READ_ALL_WILD_CREATURES,2026-05-23 17:11:39
READ_ALL_TRAINERS,2026-05-23 17:11:40
READ_ALL_MOVES,2026-05-23 17:11:40
READ_ALL_TRAINER_CREATURES,2026-05-23 17:11:40
READ_ALL_WILD_CREATURES,2026-05-23 17:11:40
READ_ALL_MOVES,2026-05-23 17:11:40
READ_ALL_TRAINERS,2026-05-23 17:11:40
READ_ALL_TRAINER_CREATURES,2026-05-23 17:11:40
READ_ALL_WILD_CREATURES,2026-05-23 17:11:40
READ_ALL_TRAINERS,2026-05-23 17:11:43
READ_ALL_MOVES,2026-05-23 17:11:43
READ_ALL_TRAINER_CREATURES,2026-05-23 17:11:43
READ_ALL_WILD_CREATURES,2026-05-23 17:11:43
READ_ALL_MOVES,2026-05-23 17:11:44
READ_ALL_TRAINERS,2026-05-23 17:11:44
READ_ALL_TRAINER_CREATURES,2026-05-23 17:11:44
READ_ALL_WILD_CREATURES,2026-05-23 17:11:44
READ_ALL_TRAINERS,2026-05-23 17:11:44
READ_ALL_MOVES,2026-05-23 17:11:44
READ_ALL_TRAINER_CREATURES,2026-05-23 17:11:44
READ_ALL_WILD_CREATURES,2026-05-23 17:11:44
READ_ALL_TRAINER_CREATURES,2026-05-23 17:12:03
READ_ALL_TRAINERS,2026-05-23 17:12:03
READ_ALL_MOVES,2026-05-23 17:12:03
READ_ALL_WILD_CREATURES,2026-05-23 17:12:03
READ_ALL_MOVES,2026-05-23 17:12:33
READ_ALL_TRAINERS,2026-05-23 17:12:33
READ_ALL_TRAINER_CREATURES,2026-05-23 17:12:33
READ_ALL_WILD_CREATURES,2026-05-23 17:12:33
READ_ALL_MOVES,2026-05-23 17:13:03
READ_ALL_TRAINERS,2026-05-23 17:13:03
READ_ALL_WILD_CREATURES,2026-05-23 17:13:03
READ_ALL_TRAINER_CREATURES,2026-05-23 17:13:03
READ_ALL_TRAINERS,2026-05-23 17:13:14
READ_ALL_MOVES,2026-05-23 17:13:14
READ_ALL_TRAINER_CREATURES,2026-05-23 17:13:14
READ_ALL_WILD_CREATURES,2026-05-23 17:13:14
READ_ALL_TRAINERS,2026-05-23 17:13:14
READ_ALL_MOVES,2026-05-23 17:13:14
READ_ALL_TRAINER_CREATURES,2026-05-23 17:13:14
READ_ALL_WILD_CREATURES,2026-05-23 17:13:14
READ_ALL_TRAINERS,2026-05-23 17:13:15
READ_ALL_MOVES,2026-05-23 17:13:15
READ_ALL_TRAINER_CREATURES,2026-05-23 17:13:15
READ_ALL_WILD_CREATURES,2026-05-23 17:13:15
READ_ALL_MOVES,2026-05-23 17:13:15
READ_ALL_TRAINERS,2026-05-23 17:13:15
READ_ALL_TRAINER_CREATURES,2026-05-23 17:13:15
READ_ALL_WILD_CREATURES,2026-05-23 17:13:15
READ_ALL_MOVES,2026-05-23 17:13:16
READ_ALL_TRAINERS,2026-05-23 17:13:16
READ_ALL_TRAINER_CREATURES,2026-05-23 17:13:16
READ_ALL_WILD_CREATURES,2026-05-23 17:13:16
READ_ALL_WILD_CREATURES,2026-05-23 17:13:17
READ_ALL_TRAINERS,2026-05-23 17:13:17
READ_ALL_TRAINER_CREATURES,2026-05-23 17:13:17
READ_ALL_MOVES,2026-05-23 17:13:17
READ_ALL_TRAINERS,2026-05-23 17:13:17
READ_ALL_MOVES,2026-05-23 17:13:17
READ_ALL_TRAINER_CREATURES,2026-05-23 17:13:17
READ_ALL_WILD_CREATURES,2026-05-23 17:13:17
READ_ALL_MOVES,2026-05-23 17:13:17
READ_ALL_TRAINERS,2026-05-23 17:13:17
READ_ALL_WILD_CREATURES,2026-05-23 17:13:17
READ_ALL_TRAINER_CREATURES,2026-05-23 17:13:17
READ_ALL_TRAINERS,2026-05-23 17:13:18
READ_ALL_TRAINER_CREATURES,2026-05-23 17:13:18
READ_ALL_MOVES,2026-05-23 17:13:18
READ_ALL_WILD_CREATURES,2026-05-23 17:13:18
READ_ALL_TRAINERS,2026-05-23 17:13:48
READ_ALL_MOVES,2026-05-23 17:13:48
READ_ALL_WILD_CREATURES,2026-05-23 17:13:48
READ_ALL_TRAINER_CREATURES,2026-05-23 17:13:48
READ_ALL_TRAINERS,2026-05-23 17:14:18
READ_ALL_MOVES,2026-05-23 17:14:18
READ_ALL_TRAINER_CREATURES,2026-05-23 17:14:18
READ_ALL_WILD_CREATURES,2026-05-23 17:14:18
READ_ALL_MOVES,2026-05-23 17:14:48
READ_ALL_TRAINERS,2026-05-23 17:14:48
READ_ALL_TRAINER_CREATURES,2026-05-23 17:14:48
READ_ALL_WILD_CREATURES,2026-05-23 17:14:48
READ_ALL_TRAINER_CREATURES,2026-05-23 17:15:18
READ_ALL_TRAINERS,2026-05-23 17:15:18
READ_ALL_MOVES,2026-05-23 17:15:18
READ_ALL_WILD_CREATURES,2026-05-23 17:15:18
READ_ALL_MOVES,2026-05-23 17:15:32
READ_ALL_TRAINERS,2026-05-23 17:15:32
READ_ALL_WILD_CREATURES,2026-05-23 17:15:32
READ_ALL_TRAINER_CREATURES,2026-05-23 17:15:32
READ_ALL_TRAINERS,2026-05-23 17:16:02
READ_ALL_MOVES,2026-05-23 17:16:02
READ_ALL_TRAINER_CREATURES,2026-05-23 17:16:02
READ_ALL_WILD_CREATURES,2026-05-23 17:16:02
READ_ALL_TRAINERS,2026-05-23 17:16:32
READ_ALL_MOVES,2026-05-23 17:16:32
READ_ALL_TRAINER_CREATURES,2026-05-23 17:16:32
READ_ALL_WILD_CREATURES,2026-05-23 17:16:32
READ_ALL_MOVES,2026-05-23 17:17:02
READ_ALL_TRAINERS,2026-05-23 17:17:02
READ_ALL_WILD_CREATURES,2026-05-23 17:17:02
READ_ALL_TRAINER_CREATURES,2026-05-23 17:17:02
READ_ALL_MOVES,2026-05-23 17:17:32
READ_ALL_TRAINERS,2026-05-23 17:17:32
READ_ALL_TRAINER_CREATURES,2026-05-23 17:17:32
READ_ALL_WILD_CREATURES,2026-05-23 17:17:32
READ_ALL_TRAINERS,2026-05-23 17:18:02
READ_ALL_MOVES,2026-05-23 17:18:02
READ_ALL_TRAINER_CREATURES,2026-05-23 17:18:02
READ_ALL_WILD_CREATURES,2026-05-23 17:18:02
READ_ALL_TRAINER_CREATURES,2026-05-23 17:18:32
READ_ALL_MOVES,2026-05-23 17:18:32
READ_ALL_TRAINERS,2026-05-23 17:18:32
READ_ALL_WILD_CREATURES,2026-05-23 17:18:32
READ_ALL_TRAINERS,2026-05-23 17:19:23
READ_ALL_TRAINER_CREATURES,2026-05-23 17:19:23
READ_ALL_MOVES,2026-05-23 17:19:23
READ_ALL_WILD_CREATURES,2026-05-23 17:19:23
READ_ALL_TRAINERS,2026-05-23 17:20:23
READ_ALL_MOVES,2026-05-23 17:20:23
READ_ALL_TRAINER_CREATURES,2026-05-23 17:20:23
READ_ALL_WILD_CREATURES,2026-05-23 17:20:23
READ_ALL_TRAINERS,2026-05-23 17:21:23
READ_ALL_MOVES,2026-05-23 17:21:23
READ_ALL_TRAINER_CREATURES,2026-05-23 17:21:23
READ_ALL_WILD_CREATURES,2026-05-23 17:21:23
READ_ALL_TRAINERS,2026-05-23 17:22:23
READ_ALL_MOVES,2026-05-23 17:22:23
READ_ALL_TRAINER_CREATURES,2026-05-23 17:22:23
READ_ALL_WILD_CREATURES,2026-05-23 17:22:23
READ_ALL_TRAINERS,2026-05-23 17:23:23
READ_ALL_MOVES,2026-05-23 17:23:23
READ_ALL_TRAINER_CREATURES,2026-05-23 17:23:23
READ_ALL_WILD_CREATURES,2026-05-23 17:23:23
READ_ALL_TRAINERS,2026-05-23 17:24:23
READ_ALL_MOVES,2026-05-23 17:24:23
READ_ALL_TRAINER_CREATURES,2026-05-23 17:24:23
READ_ALL_WILD_CREATURES,2026-05-23 17:24:23
READ_ALL_MOVES,2026-05-23 17:25:23
READ_ALL_TRAINERS,2026-05-23 17:25:23
READ_ALL_TRAINER_CREATURES,2026-05-23 17:25:23
READ_ALL_WILD_CREATURES,2026-05-23 17:25:23
READ_ALL_TRAINERS,2026-05-23 17:26:23
READ_ALL_TRAINER_CREATURES,2026-05-23 17:26:23
READ_ALL_MOVES,2026-05-23 17:26:23
READ_ALL_WILD_CREATURES,2026-05-23 17:26:23
READ_ALL_TRAINERS,2026-05-23 17:27:23
READ_ALL_MOVES,2026-05-23 17:27:23
READ_ALL_TRAINER_CREATURES,2026-05-23 17:27:23
READ_ALL_WILD_CREATURES,2026-05-23 17:27:23
READ_ALL_TRAINERS,2026-05-23 17:28:23
READ_ALL_MOVES,2026-05-23 17:28:23
READ_ALL_TRAINER_CREATURES,2026-05-23 17:28:23
READ_ALL_WILD_CREATURES,2026-05-23 17:28:23
READ_ALL_TRAINERS,2026-05-23 17:28:33
READ_ALL_MOVES,2026-05-23 17:28:33
READ_ALL_TRAINER_CREATURES,2026-05-23 17:28:33
READ_ALL_WILD_CREATURES,2026-05-23 17:28:33
READ_ALL_TRAINERS,2026-05-23 17:28:34
READ_ALL_MOVES,2026-05-23 17:28:34
READ_ALL_TRAINER_CREATURES,2026-05-23 17:28:34
READ_ALL_WILD_CREATURES,2026-05-23 17:28:34
READ_ALL_MOVES,2026-05-23 17:28:49
READ_ALL_TRAINER_CREATURES,2026-05-23 17:28:49
READ_ALL_TRAINERS,2026-05-23 17:28:49
READ_ALL_WILD_CREATURES,2026-05-23 17:28:49
READ_ALL_TRAINERS,2026-05-23 17:29:04
READ_ALL_MOVES,2026-05-23 17:29:04
READ_ALL_TRAINER_CREATURES,2026-05-23 17:29:04
READ_ALL_WILD_CREATURES,2026-05-23 17:29:04
READ_ALL_TRAINERS,2026-05-23 17:29:34
READ_ALL_MOVES,2026-05-23 17:29:34
READ_ALL_TRAINER_CREATURES,2026-05-23 17:29:34
READ_ALL_WILD_CREATURES,2026-05-23 17:29:34
READ_ALL_TRAINERS,2026-05-23 17:30:04
READ_ALL_MOVES,2026-05-23 17:30:04
READ_ALL_TRAINER_CREATURES,2026-05-23 17:30:04
READ_ALL_WILD_CREATURES,2026-05-23 17:30:04
READ_ALL_TRAINERS,2026-05-23 17:30:34
READ_ALL_MOVES,2026-05-23 17:30:34
READ_ALL_TRAINER_CREATURES,2026-05-23 17:30:34
READ_ALL_WILD_CREATURES,2026-05-23 17:30:34
READ_ALL_MOVES,2026-05-23 17:31:04
READ_ALL_TRAINERS,2026-05-23 17:31:04
READ_ALL_TRAINER_CREATURES,2026-05-23 17:31:04
READ_ALL_WILD_CREATURES,2026-05-23 17:31:04
READ_ALL_TRAINERS,2026-05-23 17:31:34
READ_ALL_TRAINER_CREATURES,2026-05-23 17:31:34
READ_ALL_MOVES,2026-05-23 17:31:34
READ_ALL_WILD_CREATURES,2026-05-23 17:31:34
READ_ALL_MOVES,2026-05-23 17:32:04
READ_ALL_TRAINERS,2026-05-23 17:32:04
READ_ALL_TRAINER_CREATURES,2026-05-23 17:32:04
READ_ALL_WILD_CREATURES,2026-05-23 17:32:04
READ_ALL_MOVES,2026-05-23 17:32:34
READ_ALL_TRAINER_CREATURES,2026-05-23 17:32:34
READ_ALL_TRAINERS,2026-05-23 17:32:34
READ_ALL_WILD_CREATURES,2026-05-23 17:32:34
READ_ALL_TRAINERS,2026-05-23 17:34:26
REGISTER_TRAINER,2026-05-23 17:34:26
REGISTER_TRAINER,2026-05-23 17:34:26
REGISTER_TRAINER,2026-05-23 17:34:26
READ_ALL_TRAINERS,2026-05-23 17:34:29
READ_ALL_MOVES,2026-05-23 17:34:29
READ_ALL_TRAINER_CREATURES,2026-05-23 17:34:29
READ_ALL_WILD_CREATURES,2026-05-23 17:34:29
ASSIGN_MOVE,2026-05-23 17:34:46
ASSIGN_MOVE,2026-05-23 17:34:58
READ_ALL_MOVES,2026-05-23 17:34:59
READ_ALL_TRAINERS,2026-05-23 17:34:59
READ_ALL_WILD_CREATURES,2026-05-23 17:34:59
READ_ALL_TRAINER_CREATURES,2026-05-23 17:34:59
READ_TRAINER_BY_ID,2026-05-23 17:35:01
READ_TRAINER_BY_ID,2026-05-23 17:35:01
READ_CREATURES_BY_TRAINER,2026-05-23 17:35:01
READ_CREATURES_BY_TRAINER,2026-05-23 17:35:01
CONDUCT_BATTLE,2026-05-23 17:35:01
READ_ALL_MOVES,2026-05-23 17:35:02
READ_ALL_TRAINERS,2026-05-23 17:35:02
READ_ALL_TRAINER_CREATURES,2026-05-23 17:35:02
READ_ALL_WILD_CREATURES,2026-05-23 17:35:02
READ_TRAINER_BY_ID,2026-05-23 17:35:09
READ_WILD_CREATURE_BY_ID,2026-05-23 17:35:09
READ_CREATURES_BY_TRAINER,2026-05-23 17:35:09
CONDUCT_BATTLE,2026-05-23 17:35:09
READ_ALL_MOVES,2026-05-23 17:35:09
READ_ALL_TRAINERS,2026-05-23 17:35:09
READ_ALL_TRAINER_CREATURES,2026-05-23 17:35:09
READ_ALL_WILD_CREATURES,2026-05-23 17:35:09
READ_ALL_TRAINERS,2026-05-23 17:35:29
READ_ALL_TRAINER_CREATURES,2026-05-23 17:35:29
READ_ALL_MOVES,2026-05-23 17:35:29
READ_ALL_WILD_CREATURES,2026-05-23 17:35:29
READ_ALL_MOVES,2026-05-23 17:35:33
READ_ALL_TRAINERS,2026-05-23 17:35:33
READ_ALL_TRAINER_CREATURES,2026-05-23 17:35:33
READ_ALL_WILD_CREATURES,2026-05-23 17:35:33
READ_ALL_TRAINERS,2026-05-23 17:35:33
READ_ALL_MOVES,2026-05-23 17:35:33
READ_ALL_TRAINER_CREATURES,2026-05-23 17:35:33
READ_ALL_WILD_CREATURES,2026-05-23 17:35:33
READ_ALL_TRAINERS,2026-05-23 17:35:34
READ_ALL_MOVES,2026-05-23 17:35:34
READ_ALL_TRAINER_CREATURES,2026-05-23 17:35:34
READ_ALL_WILD_CREATURES,2026-05-23 17:35:34
READ_ALL_TRAINERS,2026-05-23 17:35:35
READ_ALL_MOVES,2026-05-23 17:35:35
READ_ALL_TRAINER_CREATURES,2026-05-23 17:35:35
READ_ALL_WILD_CREATURES,2026-05-23 17:35:35
READ_CREATURES_BY_TRAINER,2026-05-23 17:35:51
READ_ALL_TRAINERS,2026-05-23 17:35:59
READ_ALL_MOVES,2026-05-23 17:35:59
READ_ALL_TRAINER_CREATURES,2026-05-23 17:35:59
READ_ALL_WILD_CREATURES,2026-05-23 17:35:59
READ_ALL_TRAINERS,2026-05-23 17:36:05
READ_ALL_MOVES,2026-05-23 17:36:05
READ_ALL_TRAINER_CREATURES,2026-05-23 17:36:05
READ_ALL_WILD_CREATURES,2026-05-23 17:36:05
READ_ALL_MOVES,2026-05-23 17:36:24
READ_ALL_TRAINERS,2026-05-23 17:36:24
READ_ALL_TRAINER_CREATURES,2026-05-23 17:36:24
READ_ALL_WILD_CREATURES,2026-05-23 17:36:24
READ_CREATURES_BY_TRAINER,2026-05-23 17:36:27
HEAL_TEAM,2026-05-23 17:36:27
READ_ALL_TRAINERS,2026-05-23 17:36:27
READ_ALL_MOVES,2026-05-23 17:36:27
READ_ALL_WILD_CREATURES,2026-05-23 17:36:27
READ_ALL_TRAINER_CREATURES,2026-05-23 17:36:27
READ_CREATURES_BY_TRAINER,2026-05-23 17:36:27
UPDATE_CREATURE,2026-05-23 17:36:27
UPDATE_CREATURE,2026-05-23 17:36:27
HEAL_TEAM,2026-05-23 17:36:27
READ_ALL_TRAINERS,2026-05-23 17:36:27
READ_ALL_MOVES,2026-05-23 17:36:27
READ_ALL_TRAINER_CREATURES,2026-05-23 17:36:27
READ_ALL_WILD_CREATURES,2026-05-23 17:36:27
READ_CREATURES_BY_TRAINER,2026-05-23 17:36:28
UPDATE_CREATURE,2026-05-23 17:36:28
HEAL_TEAM,2026-05-23 17:36:28
READ_ALL_TRAINERS,2026-05-23 17:36:28
READ_ALL_MOVES,2026-05-23 17:36:28
READ_ALL_TRAINER_CREATURES,2026-05-23 17:36:28
READ_ALL_WILD_CREATURES,2026-05-23 17:36:28
READ_CREATURES_BY_TRAINER,2026-05-23 17:36:29
UPDATE_CREATURE,2026-05-23 17:36:29
UPDATE_CREATURE,2026-05-23 17:36:29
UPDATE_CREATURE,2026-05-23 17:36:29
HEAL_TEAM,2026-05-23 17:36:29
READ_ALL_TRAINERS,2026-05-23 17:36:29
READ_ALL_MOVES,2026-05-23 17:36:29
READ_ALL_TRAINER_CREATURES,2026-05-23 17:36:29
READ_ALL_WILD_CREATURES,2026-05-23 17:36:29
READ_CREATURES_BY_TRAINER,2026-05-23 17:36:35
READ_CREATURES_BY_TRAINER,2026-05-23 17:36:52
READ_CREATURES_BY_TRAINER,2026-05-23 17:36:54
READ_ALL_MOVES,2026-05-23 17:36:54
READ_ALL_TRAINERS,2026-05-23 17:36:54
READ_ALL_TRAINER_CREATURES,2026-05-23 17:36:54
READ_ALL_WILD_CREATURES,2026-05-23 17:36:54
READ_CREATURES_BY_TRAINER,2026-05-23 17:36:56
READ_CREATURES_BY_TRAINER,2026-05-23 17:36:57
READ_CREATURES_BY_TRAINER,2026-05-23 17:37:05
UPDATE_CREATURE,2026-05-23 17:37:05
UPDATE_CREATURE,2026-05-23 17:37:05
UPDATE_CREATURE,2026-05-23 17:37:05
HEAL_TEAM,2026-05-23 17:37:05
READ_ALL_TRAINERS,2026-05-23 17:37:05
READ_ALL_MOVES,2026-05-23 17:37:05
READ_ALL_TRAINER_CREATURES,2026-05-23 17:37:05
READ_ALL_WILD_CREATURES,2026-05-23 17:37:05
READ_CREATURES_BY_TRAINER,2026-05-23 17:37:06
UPDATE_CREATURE,2026-05-23 17:37:06
UPDATE_CREATURE,2026-05-23 17:37:06
UPDATE_CREATURE,2026-05-23 17:37:06
HEAL_TEAM,2026-05-23 17:37:06
READ_ALL_TRAINERS,2026-05-23 17:37:06
READ_ALL_MOVES,2026-05-23 17:37:06
READ_ALL_TRAINER_CREATURES,2026-05-23 17:37:06
READ_ALL_WILD_CREATURES,2026-05-23 17:37:06
READ_CREATURES_BY_TRAINER,2026-05-23 17:37:07
UPDATE_CREATURE,2026-05-23 17:37:07
HEAL_TEAM,2026-05-23 17:37:07
READ_ALL_MOVES,2026-05-23 17:37:07
READ_ALL_TRAINERS,2026-05-23 17:37:07
READ_ALL_TRAINER_CREATURES,2026-05-23 17:37:07
READ_ALL_WILD_CREATURES,2026-05-23 17:37:07
READ_CREATURES_BY_TRAINER,2026-05-23 17:37:08
UPDATE_CREATURE,2026-05-23 17:37:08
HEAL_TEAM,2026-05-23 17:37:08
READ_ALL_TRAINERS,2026-05-23 17:37:08
READ_ALL_MOVES,2026-05-23 17:37:08
READ_ALL_TRAINER_CREATURES,2026-05-23 17:37:08
READ_ALL_WILD_CREATURES,2026-05-23 17:37:08
READ_CREATURES_BY_TRAINER,2026-05-23 17:37:08
UPDATE_CREATURE,2026-05-23 17:37:08
UPDATE_CREATURE,2026-05-23 17:37:08
HEAL_TEAM,2026-05-23 17:37:08
READ_ALL_TRAINERS,2026-05-23 17:37:08
READ_ALL_MOVES,2026-05-23 17:37:08
READ_ALL_TRAINER_CREATURES,2026-05-23 17:37:08
READ_ALL_WILD_CREATURES,2026-05-23 17:37:08
READ_CREATURES_BY_TRAINER,2026-05-23 17:37:09
HEAL_TEAM,2026-05-23 17:37:09
READ_ALL_TRAINERS,2026-05-23 17:37:09
READ_ALL_MOVES,2026-05-23 17:37:09
READ_ALL_TRAINER_CREATURES,2026-05-23 17:37:09
READ_ALL_WILD_CREATURES,2026-05-23 17:37:09
READ_CREATURES_BY_TRAINER,2026-05-23 17:37:09
HEAL_TEAM,2026-05-23 17:37:09
READ_ALL_TRAINERS,2026-05-23 17:37:09
READ_ALL_MOVES,2026-05-23 17:37:09
READ_ALL_TRAINER_CREATURES,2026-05-23 17:37:09
READ_ALL_WILD_CREATURES,2026-05-23 17:37:09
READ_CREATURES_BY_TRAINER,2026-05-23 17:37:10
HEAL_TEAM,2026-05-23 17:37:10
READ_ALL_TRAINERS,2026-05-23 17:37:10
READ_ALL_MOVES,2026-05-23 17:37:10
READ_ALL_TRAINER_CREATURES,2026-05-23 17:37:10
READ_ALL_WILD_CREATURES,2026-05-23 17:37:10
READ_CREATURES_BY_TRAINER,2026-05-23 17:37:10
HEAL_TEAM,2026-05-23 17:37:10
READ_ALL_TRAINERS,2026-05-23 17:37:10
READ_ALL_MOVES,2026-05-23 17:37:10
READ_ALL_TRAINER_CREATURES,2026-05-23 17:37:10
READ_ALL_WILD_CREATURES,2026-05-23 17:37:10
READ_CREATURES_BY_TRAINER,2026-05-23 17:37:11
UPDATE_CREATURE,2026-05-23 17:37:11
UPDATE_CREATURE,2026-05-23 17:37:11
HEAL_TEAM,2026-05-23 17:37:11
READ_ALL_TRAINERS,2026-05-23 17:37:11
READ_ALL_MOVES,2026-05-23 17:37:11
READ_ALL_TRAINER_CREATURES,2026-05-23 17:37:11
READ_ALL_WILD_CREATURES,2026-05-23 17:37:11
READ_CREATURES_BY_TRAINER,2026-05-23 17:37:12
UPDATE_CREATURE,2026-05-23 17:37:12
HEAL_TEAM,2026-05-23 17:37:12
READ_ALL_MOVES,2026-05-23 17:37:12
READ_ALL_TRAINERS,2026-05-23 17:37:12
READ_ALL_TRAINER_CREATURES,2026-05-23 17:37:12
READ_ALL_WILD_CREATURES,2026-05-23 17:37:12
READ_CREATURES_BY_TRAINER,2026-05-23 17:37:12
UPDATE_CREATURE,2026-05-23 17:37:12
HEAL_TEAM,2026-05-23 17:37:12
READ_ALL_TRAINERS,2026-05-23 17:37:12
READ_ALL_MOVES,2026-05-23 17:37:12
READ_ALL_TRAINER_CREATURES,2026-05-23 17:37:12
READ_ALL_WILD_CREATURES,2026-05-23 17:37:12
READ_ALL_TRAINERS,2026-05-23 17:37:24
READ_ALL_MOVES,2026-05-23 17:37:24
READ_ALL_TRAINER_CREATURES,2026-05-23 17:37:24
READ_ALL_WILD_CREATURES,2026-05-23 17:37:24
READ_ALL_MOVES,2026-05-23 17:37:54
READ_ALL_TRAINERS,2026-05-23 17:37:54
READ_ALL_WILD_CREATURES,2026-05-23 17:37:54
READ_ALL_TRAINER_CREATURES,2026-05-23 17:37:54
READ_ALL_TRAINERS,2026-05-23 17:38:24
READ_ALL_MOVES,2026-05-23 17:38:24
READ_ALL_TRAINER_CREATURES,2026-05-23 17:38:24
READ_ALL_WILD_CREATURES,2026-05-23 17:38:24
READ_ALL_TRAINERS,2026-05-23 17:38:54
READ_ALL_MOVES,2026-05-23 17:38:54
READ_ALL_TRAINER_CREATURES,2026-05-23 17:38:54
READ_ALL_WILD_CREATURES,2026-05-23 17:38:54
READ_ALL_TRAINERS,2026-05-23 17:39:24
READ_ALL_MOVES,2026-05-23 17:39:24
READ_ALL_TRAINER_CREATURES,2026-05-23 17:39:24
READ_ALL_WILD_CREATURES,2026-05-23 17:39:24
READ_ALL_MOVES,2026-05-23 17:39:54
READ_ALL_TRAINER_CREATURES,2026-05-23 17:39:54
READ_ALL_TRAINERS,2026-05-23 17:39:54
READ_ALL_WILD_CREATURES,2026-05-23 17:39:54
READ_ALL_TRAINERS,2026-05-23 17:40:24
READ_ALL_MOVES,2026-05-23 17:40:24
READ_ALL_TRAINER_CREATURES,2026-05-23 17:40:24
READ_ALL_WILD_CREATURES,2026-05-23 17:40:24
READ_ALL_TRAINERS,2026-05-23 17:40:54
READ_ALL_MOVES,2026-05-23 17:40:54
READ_ALL_WILD_CREATURES,2026-05-23 17:40:54
READ_ALL_TRAINER_CREATURES,2026-05-23 17:40:54
READ_ALL_MOVES,2026-05-23 17:41:24
READ_ALL_TRAINERS,2026-05-23 17:41:24
READ_ALL_TRAINER_CREATURES,2026-05-23 17:41:24
READ_ALL_WILD_CREATURES,2026-05-23 17:41:24
READ_ALL_TRAINERS,2026-05-23 17:41:54
READ_ALL_MOVES,2026-05-23 17:41:54
READ_ALL_WILD_CREATURES,2026-05-23 17:41:54
READ_ALL_TRAINER_CREATURES,2026-05-23 17:41:54
READ_ALL_TRAINERS,2026-05-23 17:42:24
READ_ALL_MOVES,2026-05-23 17:42:24
READ_ALL_TRAINER_CREATURES,2026-05-23 17:42:24
READ_ALL_WILD_CREATURES,2026-05-23 17:42:24
READ_ALL_TRAINERS,2026-05-23 17:42:54
READ_ALL_MOVES,2026-05-23 17:42:54
READ_ALL_TRAINER_CREATURES,2026-05-23 17:42:54
READ_ALL_WILD_CREATURES,2026-05-23 17:42:54
READ_ALL_TRAINERS,2026-05-23 17:43:24
READ_ALL_MOVES,2026-05-23 17:43:24
READ_ALL_TRAINER_CREATURES,2026-05-23 17:43:24
READ_ALL_WILD_CREATURES,2026-05-23 17:43:24
READ_ALL_MOVES,2026-05-23 17:43:54
READ_ALL_TRAINERS,2026-05-23 17:43:54
READ_ALL_TRAINER_CREATURES,2026-05-23 17:43:54
READ_ALL_WILD_CREATURES,2026-05-23 17:43:54
READ_ALL_TRAINERS,2026-05-23 17:45:23
READ_ALL_MOVES,2026-05-23 17:45:23
READ_ALL_TRAINER_CREATURES,2026-05-23 17:45:23
READ_ALL_WILD_CREATURES,2026-05-23 17:45:23
READ_ALL_TRAINERS,2026-05-23 17:46:03
READ_ALL_TRAINER_CREATURES,2026-05-23 17:46:03
READ_ALL_MOVES,2026-05-23 17:46:03
READ_ALL_WILD_CREATURES,2026-05-23 17:46:03
READ_ALL_TRAINERS,2026-05-23 17:46:04
READ_ALL_MOVES,2026-05-23 17:46:04
READ_ALL_TRAINER_CREATURES,2026-05-23 17:46:04
READ_ALL_WILD_CREATURES,2026-05-23 17:46:04
READ_CREATURES_BY_TRAINER,2026-05-23 17:46:12
UPDATE_CREATURE,2026-05-23 17:46:12
UPDATE_CREATURE,2026-05-23 17:46:12
UPDATE_CREATURE,2026-05-23 17:46:12
HEAL_TEAM,2026-05-23 17:46:12
READ_ALL_TRAINERS,2026-05-23 17:46:12
READ_ALL_MOVES,2026-05-23 17:46:12
READ_ALL_TRAINER_CREATURES,2026-05-23 17:46:12
READ_ALL_WILD_CREATURES,2026-05-23 17:46:12
READ_CREATURES_BY_TRAINER,2026-05-23 17:46:12
UPDATE_CREATURE,2026-05-23 17:46:12
HEAL_TEAM,2026-05-23 17:46:12
READ_ALL_TRAINERS,2026-05-23 17:46:12
READ_ALL_MOVES,2026-05-23 17:46:12
READ_ALL_TRAINER_CREATURES,2026-05-23 17:46:12
READ_ALL_WILD_CREATURES,2026-05-23 17:46:12
READ_CREATURES_BY_TRAINER,2026-05-23 17:46:13
UPDATE_CREATURE,2026-05-23 17:46:13
UPDATE_CREATURE,2026-05-23 17:46:13
HEAL_TEAM,2026-05-23 17:46:13
READ_ALL_TRAINERS,2026-05-23 17:46:13
READ_ALL_MOVES,2026-05-23 17:46:13
READ_ALL_TRAINER_CREATURES,2026-05-23 17:46:13
READ_ALL_WILD_CREATURES,2026-05-23 17:46:13
READ_CREATURES_BY_TRAINER,2026-05-23 17:46:13
HEAL_TEAM,2026-05-23 17:46:13
READ_ALL_TRAINERS,2026-05-23 17:46:13
READ_ALL_MOVES,2026-05-23 17:46:13
READ_ALL_TRAINER_CREATURES,2026-05-23 17:46:13
READ_ALL_WILD_CREATURES,2026-05-23 17:46:13
READ_CREATURES_BY_TRAINER,2026-05-23 17:46:14
UPDATE_CREATURE,2026-05-23 17:46:14
UPDATE_CREATURE,2026-05-23 17:46:14
UPDATE_CREATURE,2026-05-23 17:46:14
HEAL_TEAM,2026-05-23 17:46:14
READ_ALL_TRAINERS,2026-05-23 17:46:14
READ_ALL_MOVES,2026-05-23 17:46:14
READ_ALL_TRAINER_CREATURES,2026-05-23 17:46:14
READ_ALL_WILD_CREATURES,2026-05-23 17:46:14
READ_ALL_TRAINERS,2026-05-23 17:46:34
READ_ALL_MOVES,2026-05-23 17:46:34
READ_ALL_TRAINER_CREATURES,2026-05-23 17:46:34
READ_ALL_WILD_CREATURES,2026-05-23 17:46:34
READ_CREATURES_BY_TRAINER,2026-05-23 17:46:35
UPDATE_CREATURE,2026-05-23 17:46:35
UPDATE_CREATURE,2026-05-23 17:46:35
UPDATE_CREATURE,2026-05-23 17:46:35
HEAL_TEAM,2026-05-23 17:46:35
READ_ALL_MOVES,2026-05-23 17:46:35
READ_ALL_TRAINERS,2026-05-23 17:46:35
READ_ALL_TRAINER_CREATURES,2026-05-23 17:46:35
READ_ALL_WILD_CREATURES,2026-05-23 17:46:35
READ_CREATURES_BY_TRAINER,2026-05-23 17:46:35
UPDATE_CREATURE,2026-05-23 17:46:35
UPDATE_CREATURE,2026-05-23 17:46:35
UPDATE_CREATURE,2026-05-23 17:46:35
HEAL_TEAM,2026-05-23 17:46:35
READ_ALL_TRAINERS,2026-05-23 17:46:35
READ_ALL_MOVES,2026-05-23 17:46:35
READ_ALL_TRAINER_CREATURES,2026-05-23 17:46:35
READ_ALL_WILD_CREATURES,2026-05-23 17:46:35
READ_CREATURES_BY_TRAINER,2026-05-23 17:46:35
UPDATE_CREATURE,2026-05-23 17:46:35
UPDATE_CREATURE,2026-05-23 17:46:35
UPDATE_CREATURE,2026-05-23 17:46:35
HEAL_TEAM,2026-05-23 17:46:35
READ_ALL_TRAINERS,2026-05-23 17:46:35
READ_ALL_MOVES,2026-05-23 17:46:35
READ_ALL_TRAINER_CREATURES,2026-05-23 17:46:35
READ_ALL_WILD_CREATURES,2026-05-23 17:46:35
READ_CREATURES_BY_TRAINER,2026-05-23 17:46:35
UPDATE_CREATURE,2026-05-23 17:46:35
UPDATE_CREATURE,2026-05-23 17:46:35
UPDATE_CREATURE,2026-05-23 17:46:35
HEAL_TEAM,2026-05-23 17:46:35
READ_ALL_TRAINERS,2026-05-23 17:46:35
READ_ALL_MOVES,2026-05-23 17:46:35
READ_ALL_TRAINER_CREATURES,2026-05-23 17:46:35
READ_ALL_WILD_CREATURES,2026-05-23 17:46:35
READ_CREATURES_BY_TRAINER,2026-05-23 17:46:35
UPDATE_CREATURE,2026-05-23 17:46:35
UPDATE_CREATURE,2026-05-23 17:46:35
UPDATE_CREATURE,2026-05-23 17:46:35
HEAL_TEAM,2026-05-23 17:46:35
READ_ALL_TRAINERS,2026-05-23 17:46:35
READ_ALL_MOVES,2026-05-23 17:46:35
READ_ALL_TRAINER_CREATURES,2026-05-23 17:46:35
READ_ALL_WILD_CREATURES,2026-05-23 17:46:35
READ_CREATURES_BY_TRAINER,2026-05-23 17:46:35
UPDATE_CREATURE,2026-05-23 17:46:35
UPDATE_CREATURE,2026-05-23 17:46:35
UPDATE_CREATURE,2026-05-23 17:46:35
HEAL_TEAM,2026-05-23 17:46:35
READ_ALL_TRAINERS,2026-05-23 17:46:35
READ_ALL_MOVES,2026-05-23 17:46:35
READ_ALL_TRAINER_CREATURES,2026-05-23 17:46:35
READ_ALL_WILD_CREATURES,2026-05-23 17:46:35
READ_CREATURES_BY_TRAINER,2026-05-23 17:46:36
UPDATE_CREATURE,2026-05-23 17:46:36
UPDATE_CREATURE,2026-05-23 17:46:36
UPDATE_CREATURE,2026-05-23 17:46:36
HEAL_TEAM,2026-05-23 17:46:36
READ_ALL_TRAINERS,2026-05-23 17:46:36
READ_ALL_MOVES,2026-05-23 17:46:36
READ_ALL_TRAINER_CREATURES,2026-05-23 17:46:36
READ_ALL_WILD_CREATURES,2026-05-23 17:46:36
READ_CREATURES_BY_TRAINER,2026-05-23 17:46:36
UPDATE_CREATURE,2026-05-23 17:46:36
UPDATE_CREATURE,2026-05-23 17:46:36
UPDATE_CREATURE,2026-05-23 17:46:36
HEAL_TEAM,2026-05-23 17:46:36
READ_ALL_TRAINERS,2026-05-23 17:46:36
READ_ALL_MOVES,2026-05-23 17:46:36
READ_ALL_TRAINER_CREATURES,2026-05-23 17:46:36
READ_ALL_WILD_CREATURES,2026-05-23 17:46:36
READ_CREATURES_BY_TRAINER,2026-05-23 17:46:36
UPDATE_CREATURE,2026-05-23 17:46:36
UPDATE_CREATURE,2026-05-23 17:46:36
UPDATE_CREATURE,2026-05-23 17:46:36
HEAL_TEAM,2026-05-23 17:46:36
READ_ALL_TRAINERS,2026-05-23 17:46:36
READ_ALL_MOVES,2026-05-23 17:46:36
READ_ALL_TRAINER_CREATURES,2026-05-23 17:46:36
READ_ALL_WILD_CREATURES,2026-05-23 17:46:36
READ_CREATURES_BY_TRAINER,2026-05-23 17:46:36
UPDATE_CREATURE,2026-05-23 17:46:36
UPDATE_CREATURE,2026-05-23 17:46:36
UPDATE_CREATURE,2026-05-23 17:46:36
HEAL_TEAM,2026-05-23 17:46:36
READ_ALL_TRAINERS,2026-05-23 17:46:36
READ_ALL_MOVES,2026-05-23 17:46:36
READ_ALL_TRAINER_CREATURES,2026-05-23 17:46:36
READ_ALL_WILD_CREATURES,2026-05-23 17:46:36
READ_CREATURES_BY_TRAINER,2026-05-23 17:46:36
UPDATE_CREATURE,2026-05-23 17:46:36
UPDATE_CREATURE,2026-05-23 17:46:36
UPDATE_CREATURE,2026-05-23 17:46:36
HEAL_TEAM,2026-05-23 17:46:36
READ_ALL_TRAINERS,2026-05-23 17:46:36
READ_ALL_MOVES,2026-05-23 17:46:36
READ_ALL_TRAINER_CREATURES,2026-05-23 17:46:36
READ_ALL_WILD_CREATURES,2026-05-23 17:46:36
READ_ALL_TRAINERS,2026-05-23 17:47:04
READ_ALL_MOVES,2026-05-23 17:47:04
READ_ALL_TRAINER_CREATURES,2026-05-23 17:47:04
READ_ALL_WILD_CREATURES,2026-05-23 17:47:04
READ_ALL_TRAINERS,2026-05-23 17:47:08
READ_ALL_MOVES,2026-05-23 17:47:08
READ_ALL_TRAINER_CREATURES,2026-05-23 17:47:08
READ_ALL_WILD_CREATURES,2026-05-23 17:47:08
READ_ALL_TRAINERS,2026-05-23 17:47:09
READ_ALL_MOVES,2026-05-23 17:47:09
READ_ALL_TRAINER_CREATURES,2026-05-23 17:47:09
READ_ALL_WILD_CREATURES,2026-05-23 17:47:09
READ_ALL_TRAINERS,2026-05-23 17:47:10
READ_ALL_MOVES,2026-05-23 17:47:10
READ_ALL_TRAINER_CREATURES,2026-05-23 17:47:10
READ_ALL_WILD_CREATURES,2026-05-23 17:47:10
READ_ALL_TRAINERS,2026-05-23 17:47:10
READ_ALL_MOVES,2026-05-23 17:47:10
READ_ALL_WILD_CREATURES,2026-05-23 17:47:10
READ_ALL_TRAINER_CREATURES,2026-05-23 17:47:10
READ_ALL_TRAINERS,2026-05-23 17:47:10
READ_ALL_MOVES,2026-05-23 17:47:10
READ_ALL_TRAINER_CREATURES,2026-05-23 17:47:10
READ_ALL_WILD_CREATURES,2026-05-23 17:47:10
READ_ALL_TRAINERS,2026-05-23 17:47:11
READ_ALL_MOVES,2026-05-23 17:47:11
READ_ALL_TRAINER_CREATURES,2026-05-23 17:47:11
READ_ALL_WILD_CREATURES,2026-05-23 17:47:11
READ_ALL_TRAINERS,2026-05-23 17:47:11
READ_ALL_MOVES,2026-05-23 17:47:11
READ_ALL_TRAINER_CREATURES,2026-05-23 17:47:11
READ_ALL_WILD_CREATURES,2026-05-23 17:47:11
READ_ALL_TRAINERS,2026-05-23 17:47:34
READ_ALL_MOVES,2026-05-23 17:47:34
READ_ALL_TRAINER_CREATURES,2026-05-23 17:47:34
READ_ALL_WILD_CREATURES,2026-05-23 17:47:34
READ_ALL_TRAINERS,2026-05-23 17:48:04
READ_ALL_MOVES,2026-05-23 17:48:04
READ_ALL_TRAINER_CREATURES,2026-05-23 17:48:04
READ_ALL_WILD_CREATURES,2026-05-23 17:48:04
READ_ALL_TRAINERS,2026-05-23 17:48:34
READ_ALL_MOVES,2026-05-23 17:48:34
READ_ALL_TRAINER_CREATURES,2026-05-23 17:48:34
READ_ALL_WILD_CREATURES,2026-05-23 17:48:34
READ_ALL_TRAINERS,2026-05-23 17:49:04
READ_ALL_WILD_CREATURES,2026-05-23 17:49:04
READ_ALL_MOVES,2026-05-23 17:49:04
READ_ALL_TRAINER_CREATURES,2026-05-23 17:49:04
READ_ALL_TRAINERS,2026-05-23 17:49:34
READ_ALL_MOVES,2026-05-23 17:49:34
READ_ALL_TRAINER_CREATURES,2026-05-23 17:49:34
READ_ALL_WILD_CREATURES,2026-05-23 17:49:34
READ_ALL_MOVES,2026-05-23 17:50:04
READ_ALL_TRAINERS,2026-05-23 17:50:04
READ_ALL_TRAINER_CREATURES,2026-05-23 17:50:04
READ_ALL_WILD_CREATURES,2026-05-23 17:50:04
READ_ALL_MOVES,2026-05-23 17:50:34
READ_ALL_TRAINERS,2026-05-23 17:50:34
READ_ALL_TRAINER_CREATURES,2026-05-23 17:50:34
READ_ALL_WILD_CREATURES,2026-05-23 17:50:34
READ_ALL_TRAINERS,2026-05-23 17:51:04
READ_ALL_MOVES,2026-05-23 17:51:04
READ_ALL_TRAINER_CREATURES,2026-05-23 17:51:04
READ_ALL_WILD_CREATURES,2026-05-23 17:51:04
READ_ALL_TRAINERS,2026-05-23 17:51:18
READ_ALL_MOVES,2026-05-23 17:51:18
READ_ALL_TRAINER_CREATURES,2026-05-23 17:51:18
READ_ALL_WILD_CREATURES,2026-05-23 17:51:18
READ_ALL_TRAINERS,2026-05-23 17:51:29
READ_ALL_MOVES,2026-05-23 17:51:29
READ_ALL_TRAINER_CREATURES,2026-05-23 17:51:29
READ_ALL_WILD_CREATURES,2026-05-23 17:51:29
READ_CREATURES_BY_TRAINER,2026-05-23 17:51:34
UPDATE_CREATURE,2026-05-23 17:51:34
UPDATE_CREATURE,2026-05-23 17:51:34
UPDATE_CREATURE,2026-05-23 17:51:34
HEAL_TEAM,2026-05-23 17:51:34
READ_ALL_TRAINERS,2026-05-23 17:51:34
READ_ALL_MOVES,2026-05-23 17:51:34
READ_ALL_TRAINER_CREATURES,2026-05-23 17:51:34
READ_ALL_WILD_CREATURES,2026-05-23 17:51:34
READ_CREATURES_BY_TRAINER,2026-05-23 17:51:34
UPDATE_CREATURE,2026-05-23 17:51:34
UPDATE_CREATURE,2026-05-23 17:51:34
UPDATE_CREATURE,2026-05-23 17:51:34
HEAL_TEAM,2026-05-23 17:51:34
READ_ALL_TRAINERS,2026-05-23 17:51:34
READ_ALL_MOVES,2026-05-23 17:51:34
READ_ALL_TRAINER_CREATURES,2026-05-23 17:51:34
READ_ALL_WILD_CREATURES,2026-05-23 17:51:34
READ_CREATURES_BY_TRAINER,2026-05-23 17:51:39
READ_TRAINER_BY_ID,2026-05-23 17:51:44
READ_TRAINER_BY_ID,2026-05-23 17:51:44
READ_CREATURES_BY_TRAINER,2026-05-23 17:51:44
READ_CREATURES_BY_TRAINER,2026-05-23 17:51:44
CONDUCT_BATTLE,2026-05-23 17:51:44
READ_ALL_MOVES,2026-05-23 17:51:45
READ_ALL_TRAINERS,2026-05-23 17:51:45
READ_ALL_TRAINER_CREATURES,2026-05-23 17:51:45
READ_ALL_WILD_CREATURES,2026-05-23 17:51:45
READ_ALL_MOVES,2026-05-23 17:51:48
READ_ALL_TRAINERS,2026-05-23 17:51:48
READ_ALL_TRAINER_CREATURES,2026-05-23 17:51:48
READ_ALL_WILD_CREATURES,2026-05-23 17:51:48
READ_ALL_TRAINERS,2026-05-23 17:51:52
READ_ALL_MOVES,2026-05-23 17:51:52
READ_ALL_TRAINER_CREATURES,2026-05-23 17:51:52
READ_ALL_WILD_CREATURES,2026-05-23 17:51:52
READ_TRAINER_BY_ID,2026-05-23 17:51:58
READ_TRAINER_BY_ID,2026-05-23 17:51:58
READ_CREATURES_BY_TRAINER,2026-05-23 17:51:58
READ_CREATURES_BY_TRAINER,2026-05-23 17:51:58
CONDUCT_BATTLE,2026-05-23 17:51:58
READ_ALL_TRAINERS,2026-05-23 17:51:59
READ_ALL_TRAINER_CREATURES,2026-05-23 17:51:59
READ_ALL_MOVES,2026-05-23 17:51:59
READ_ALL_WILD_CREATURES,2026-05-23 17:51:59
READ_ALL_TRAINERS,2026-05-23 17:52:20
REGISTER_TRAINER,2026-05-23 17:52:20
REGISTER_TRAINER,2026-05-23 17:52:20
REGISTER_TRAINER,2026-05-23 17:52:20
READ_ALL_MOVES,2026-05-23 17:52:22
READ_ALL_TRAINER_CREATURES,2026-05-23 17:52:22
READ_ALL_TRAINERS,2026-05-23 17:52:22
READ_ALL_WILD_CREATURES,2026-05-23 17:52:22
READ_ALL_TRAINERS,2026-05-23 17:52:22
READ_ALL_MOVES,2026-05-23 17:52:22
READ_ALL_TRAINER_CREATURES,2026-05-23 17:52:22
READ_ALL_WILD_CREATURES,2026-05-23 17:52:22
READ_TRAINER_BY_ID,2026-05-23 17:52:28
READ_TRAINER_BY_ID,2026-05-23 17:52:28
READ_CREATURES_BY_TRAINER,2026-05-23 17:52:28
READ_CREATURES_BY_TRAINER,2026-05-23 17:52:28
CONDUCT_BATTLE,2026-05-23 17:52:28
READ_ALL_MOVES,2026-05-23 17:52:28
READ_ALL_TRAINERS,2026-05-23 17:52:28
READ_ALL_TRAINER_CREATURES,2026-05-23 17:52:28
READ_ALL_WILD_CREATURES,2026-05-23 17:52:28
READ_CREATURES_BY_TRAINER,2026-05-23 17:52:33
READ_CREATURES_BY_TRAINER,2026-05-23 17:52:36
READ_ALL_TRAINERS,2026-05-23 17:52:52
READ_ALL_TRAINER_CREATURES,2026-05-23 17:52:52
READ_ALL_WILD_CREATURES,2026-05-23 17:52:52
READ_ALL_MOVES,2026-05-23 17:52:52
READ_ALL_TRAINERS,2026-05-23 17:53:22
READ_ALL_MOVES,2026-05-23 17:53:22
READ_ALL_TRAINER_CREATURES,2026-05-23 17:53:22
READ_ALL_WILD_CREATURES,2026-05-23 17:53:22
READ_ALL_MOVES,2026-05-23 17:53:52
READ_ALL_WILD_CREATURES,2026-05-23 17:53:52
READ_ALL_TRAINERS,2026-05-23 17:53:52
READ_ALL_TRAINER_CREATURES,2026-05-23 17:53:52
READ_ALL_MOVES,2026-05-23 17:54:22
READ_ALL_TRAINERS,2026-05-23 17:54:22
READ_ALL_TRAINER_CREATURES,2026-05-23 17:54:22
READ_ALL_WILD_CREATURES,2026-05-23 17:54:22
READ_ALL_TRAINERS,2026-05-23 17:54:49
REGISTER_TRAINER,2026-05-23 17:54:49
REGISTER_TRAINER,2026-05-23 17:54:49
REGISTER_TRAINER,2026-05-23 17:54:49
READ_ALL_TRAINERS,2026-05-23 17:54:52
READ_ALL_MOVES,2026-05-23 17:54:52
READ_ALL_WILD_CREATURES,2026-05-23 17:54:52
READ_ALL_TRAINER_CREATURES,2026-05-23 17:54:52
READ_TRAINER_BY_ID,2026-05-23 17:54:59
READ_TRAINER_BY_ID,2026-05-23 17:54:59
READ_CREATURES_BY_TRAINER,2026-05-23 17:54:59
READ_CREATURES_BY_TRAINER,2026-05-23 17:54:59
CONDUCT_BATTLE,2026-05-23 17:54:59
READ_ALL_TRAINERS,2026-05-23 17:54:59
READ_ALL_MOVES,2026-05-23 17:54:59
READ_ALL_TRAINER_CREATURES,2026-05-23 17:54:59
READ_ALL_WILD_CREATURES,2026-05-23 17:54:59
READ_TRAINER_BY_ID,2026-05-23 17:55:06
READ_WILD_CREATURE_BY_ID,2026-05-23 17:55:06
READ_CREATURES_BY_TRAINER,2026-05-23 17:55:06
UPDATE_CREATURE,2026-05-23 17:55:06
WILD_ENCOUNTER_TURN,2026-05-23 17:55:06
READ_TRAINER_BY_ID,2026-05-23 17:55:08
READ_WILD_CREATURE_BY_ID,2026-05-23 17:55:08
READ_CREATURES_BY_TRAINER,2026-05-23 17:55:08
UPDATE_CREATURE,2026-05-23 17:55:08
WILD_ENCOUNTER_TURN,2026-05-23 17:55:08
READ_ALL_TRAINERS,2026-05-23 17:55:08
READ_ALL_MOVES,2026-05-23 17:55:08
READ_ALL_TRAINER_CREATURES,2026-05-23 17:55:08
READ_ALL_WILD_CREATURES,2026-05-23 17:55:08
READ_CREATURES_BY_TRAINER,2026-05-23 17:55:20
READ_ALL_MOVES,2026-05-23 17:55:22
READ_ALL_TRAINERS,2026-05-23 17:55:22
READ_ALL_TRAINER_CREATURES,2026-05-23 17:55:22
READ_ALL_WILD_CREATURES,2026-05-23 17:55:22
READ_CREATURES_BY_TRAINER,2026-05-23 17:55:22
UPDATE_CREATURE,2026-05-23 17:55:22
UPDATE_CREATURE,2026-05-23 17:55:22
UPDATE_CREATURE,2026-05-23 17:55:22
HEAL_TEAM,2026-05-23 17:55:22
READ_ALL_MOVES,2026-05-23 17:55:22
READ_ALL_TRAINERS,2026-05-23 17:55:22
READ_ALL_TRAINER_CREATURES,2026-05-23 17:55:22
READ_ALL_WILD_CREATURES,2026-05-23 17:55:22
READ_CREATURES_BY_TRAINER,2026-05-23 17:55:23
UPDATE_CREATURE,2026-05-23 17:55:23
UPDATE_CREATURE,2026-05-23 17:55:23
UPDATE_CREATURE,2026-05-23 17:55:23
HEAL_TEAM,2026-05-23 17:55:23
READ_ALL_MOVES,2026-05-23 17:55:23
READ_ALL_TRAINERS,2026-05-23 17:55:23
READ_ALL_TRAINER_CREATURES,2026-05-23 17:55:23
READ_ALL_WILD_CREATURES,2026-05-23 17:55:23
READ_ALL_TRAINERS,2026-05-23 17:55:52
READ_ALL_MOVES,2026-05-23 17:55:52
READ_ALL_TRAINER_CREATURES,2026-05-23 17:55:52
READ_ALL_WILD_CREATURES,2026-05-23 17:55:52
READ_ALL_MOVES,2026-05-23 17:56:22
READ_ALL_TRAINERS,2026-05-23 17:56:22
READ_ALL_TRAINER_CREATURES,2026-05-23 17:56:22
READ_ALL_WILD_CREATURES,2026-05-23 17:56:22
READ_ALL_TRAINER_CREATURES,2026-05-23 17:56:52
READ_ALL_TRAINERS,2026-05-23 17:56:52
READ_ALL_WILD_CREATURES,2026-05-23 17:56:52
READ_ALL_MOVES,2026-05-23 17:56:52
READ_ALL_TRAINERS,2026-05-23 17:57:09
REGISTER_TRAINER,2026-05-23 17:57:09
REGISTER_TRAINER,2026-05-23 17:57:09
REGISTER_TRAINER,2026-05-23 17:57:09
READ_ALL_TRAINERS,2026-05-23 17:57:11
READ_ALL_MOVES,2026-05-23 17:57:11
READ_ALL_TRAINER_CREATURES,2026-05-23 17:57:11
READ_ALL_WILD_CREATURES,2026-05-23 17:57:11
READ_ALL_TRAINERS,2026-05-23 17:57:41
READ_ALL_TRAINER_CREATURES,2026-05-23 17:57:41
READ_ALL_MOVES,2026-05-23 17:57:41
READ_ALL_WILD_CREATURES,2026-05-23 17:57:41
READ_ALL_TRAINERS,2026-05-23 17:58:11
READ_ALL_MOVES,2026-05-23 17:58:11
READ_ALL_WILD_CREATURES,2026-05-23 17:58:11
READ_ALL_TRAINER_CREATURES,2026-05-23 17:58:11
READ_ALL_MOVES,2026-05-23 17:58:41
READ_ALL_TRAINERS,2026-05-23 17:58:41
READ_ALL_TRAINER_CREATURES,2026-05-23 17:58:41
READ_ALL_WILD_CREATURES,2026-05-23 17:58:41
READ_ALL_MOVES,2026-05-23 17:59:11
READ_ALL_TRAINERS,2026-05-23 17:59:11
READ_ALL_TRAINER_CREATURES,2026-05-23 17:59:11
READ_ALL_WILD_CREATURES,2026-05-23 17:59:11
READ_ALL_TRAINERS,2026-05-23 17:59:41
READ_ALL_TRAINER_CREATURES,2026-05-23 17:59:41
READ_ALL_MOVES,2026-05-23 17:59:41
READ_ALL_WILD_CREATURES,2026-05-23 17:59:41
READ_ALL_TRAINER_CREATURES,2026-05-23 18:00:11
READ_ALL_MOVES,2026-05-23 18:00:11
READ_ALL_TRAINERS,2026-05-23 18:00:11
READ_ALL_WILD_CREATURES,2026-05-23 18:00:11
READ_ALL_TRAINERS,2026-05-23 18:00:39
READ_ALL_MOVES,2026-05-23 18:00:39
READ_ALL_TRAINER_CREATURES,2026-05-23 18:00:39
READ_ALL_WILD_CREATURES,2026-05-23 18:00:39
READ_ALL_TRAINERS,2026-05-23 18:00:41
READ_ALL_MOVES,2026-05-23 18:00:41
READ_ALL_TRAINER_CREATURES,2026-05-23 18:00:41
READ_ALL_WILD_CREATURES,2026-05-23 18:00:41
READ_ALL_TRAINERS,2026-05-23 18:01:09
READ_ALL_MOVES,2026-05-23 18:01:09
READ_ALL_TRAINER_CREATURES,2026-05-23 18:01:09
READ_ALL_WILD_CREATURES,2026-05-23 18:01:09
READ_ALL_TRAINERS,2026-05-23 18:01:39
READ_ALL_MOVES,2026-05-23 18:01:39
READ_ALL_WILD_CREATURES,2026-05-23 18:01:39
READ_ALL_TRAINER_CREATURES,2026-05-23 18:01:39
READ_ALL_TRAINERS,2026-05-23 18:02:08
READ_ALL_MOVES,2026-05-23 18:02:08
READ_ALL_TRAINER_CREATURES,2026-05-23 18:02:08
READ_ALL_WILD_CREATURES,2026-05-23 18:02:08
READ_TRAINER_BY_ID,2026-05-23 18:02:13
READ_WILD_CREATURE_BY_ID,2026-05-23 18:02:13
READ_CREATURES_BY_TRAINER,2026-05-23 18:02:13
UPDATE_CREATURE,2026-05-23 18:02:13
WILD_ENCOUNTER_TURN,2026-05-23 18:02:13
READ_TRAINER_BY_ID,2026-05-23 18:02:15
READ_WILD_CREATURE_BY_ID,2026-05-23 18:02:15
READ_CREATURES_BY_TRAINER,2026-05-23 18:02:15
UPDATE_CREATURE,2026-05-23 18:02:15
WILD_ENCOUNTER_TURN,2026-05-23 18:02:15
READ_ALL_TRAINERS,2026-05-23 18:02:15
READ_ALL_MOVES,2026-05-23 18:02:15
READ_ALL_WILD_CREATURES,2026-05-23 18:02:15
READ_ALL_TRAINER_CREATURES,2026-05-23 18:02:15
READ_ALL_TRAINER_CREATURES,2026-05-23 18:02:26
READ_ALL_TRAINERS,2026-05-23 18:02:26
READ_ALL_WILD_CREATURES,2026-05-23 18:02:26
READ_ALL_MOVES,2026-05-23 18:02:26
READ_ALL_TRAINERS,2026-05-23 18:02:56
READ_ALL_TRAINER_CREATURES,2026-05-23 18:02:56
READ_ALL_MOVES,2026-05-23 18:02:56
READ_ALL_WILD_CREATURES,2026-05-23 18:02:56
READ_ALL_WILD_CREATURES,2026-05-23 18:03:26
READ_ALL_TRAINER_CREATURES,2026-05-23 18:03:26
READ_ALL_MOVES,2026-05-23 18:03:26
READ_ALL_TRAINERS,2026-05-23 18:03:26
READ_ALL_TRAINERS,2026-05-23 18:03:56
READ_ALL_MOVES,2026-05-23 18:03:56
READ_ALL_TRAINER_CREATURES,2026-05-23 18:03:56
READ_ALL_WILD_CREATURES,2026-05-23 18:03:56
READ_ALL_TRAINERS,2026-05-23 18:04:26
READ_ALL_MOVES,2026-05-23 18:04:26
READ_ALL_TRAINER_CREATURES,2026-05-23 18:04:26
READ_ALL_WILD_CREATURES,2026-05-23 18:04:26
READ_ALL_MOVES,2026-05-23 18:04:56
READ_ALL_TRAINERS,2026-05-23 18:04:56
READ_ALL_TRAINER_CREATURES,2026-05-23 18:04:56
READ_ALL_WILD_CREATURES,2026-05-23 18:04:56
READ_ALL_TRAINERS,2026-05-23 18:05:26
READ_ALL_MOVES,2026-05-23 18:05:26
READ_ALL_TRAINER_CREATURES,2026-05-23 18:05:26
READ_ALL_WILD_CREATURES,2026-05-23 18:05:26
READ_ALL_MOVES,2026-05-23 18:05:56
READ_ALL_TRAINER_CREATURES,2026-05-23 18:05:56
READ_ALL_TRAINERS,2026-05-23 18:05:56
READ_ALL_WILD_CREATURES,2026-05-23 18:05:56
READ_ALL_TRAINERS,2026-05-23 18:06:26
READ_ALL_MOVES,2026-05-23 18:06:26
READ_ALL_TRAINER_CREATURES,2026-05-23 18:06:26
READ_ALL_WILD_CREATURES,2026-05-23 18:06:26
READ_ALL_TRAINERS,2026-05-23 18:06:56
READ_ALL_MOVES,2026-05-23 18:06:56
READ_ALL_TRAINER_CREATURES,2026-05-23 18:06:56
READ_ALL_WILD_CREATURES,2026-05-23 18:06:56
READ_ALL_TRAINERS,2026-05-23 18:07:26
READ_ALL_MOVES,2026-05-23 18:07:26
READ_ALL_TRAINER_CREATURES,2026-05-23 18:07:26
READ_ALL_WILD_CREATURES,2026-05-23 18:07:26
READ_ALL_MOVES,2026-05-23 18:07:56
READ_ALL_TRAINERS,2026-05-23 18:07:56
READ_ALL_TRAINER_CREATURES,2026-05-23 18:07:56
READ_ALL_WILD_CREATURES,2026-05-23 18:07:56
READ_ALL_TRAINERS,2026-05-23 18:09:23
READ_ALL_MOVES,2026-05-23 18:09:23
READ_ALL_TRAINER_CREATURES,2026-05-23 18:09:23
READ_ALL_WILD_CREATURES,2026-05-23 18:09:23
READ_ALL_TRAINERS,2026-05-23 18:10:23
READ_ALL_MOVES,2026-05-23 18:10:23
READ_ALL_TRAINER_CREATURES,2026-05-23 18:10:23
READ_ALL_WILD_CREATURES,2026-05-23 18:10:23
READ_ALL_TRAINERS,2026-05-23 18:11:23
READ_ALL_MOVES,2026-05-23 18:11:23
READ_ALL_TRAINER_CREATURES,2026-05-23 18:11:23
READ_ALL_WILD_CREATURES,2026-05-23 18:11:23
READ_ALL_MOVES,2026-05-23 18:12:23
READ_ALL_TRAINERS,2026-05-23 18:12:23
READ_ALL_WILD_CREATURES,2026-05-23 18:12:23
READ_ALL_TRAINER_CREATURES,2026-05-23 18:12:23
READ_ALL_TRAINERS,2026-05-23 18:13:23
READ_ALL_MOVES,2026-05-23 18:13:23
READ_ALL_TRAINER_CREATURES,2026-05-23 18:13:23
READ_ALL_WILD_CREATURES,2026-05-23 18:13:23
READ_ALL_TRAINERS,2026-05-23 18:14:23
READ_ALL_TRAINER_CREATURES,2026-05-23 18:14:23
READ_ALL_MOVES,2026-05-23 18:14:23
READ_ALL_WILD_CREATURES,2026-05-23 18:14:23
READ_ALL_TRAINERS,2026-05-23 18:15:23
READ_ALL_MOVES,2026-05-23 18:15:23
READ_ALL_TRAINER_CREATURES,2026-05-23 18:15:23
READ_ALL_WILD_CREATURES,2026-05-23 18:15:23
READ_ALL_TRAINER_CREATURES,2026-05-23 18:16:23
READ_ALL_MOVES,2026-05-23 18:16:23
READ_ALL_TRAINERS,2026-05-23 18:16:23
READ_ALL_WILD_CREATURES,2026-05-23 18:16:23
READ_ALL_MOVES,2026-05-23 18:17:23
READ_ALL_TRAINERS,2026-05-23 18:17:23
READ_ALL_TRAINER_CREATURES,2026-05-23 18:17:23
READ_ALL_WILD_CREATURES,2026-05-23 18:17:23
READ_ALL_TRAINERS,2026-05-23 18:18:23
READ_ALL_TRAINER_CREATURES,2026-05-23 18:18:23
READ_ALL_MOVES,2026-05-23 18:18:23
READ_ALL_WILD_CREATURES,2026-05-23 18:18:23
READ_ALL_MOVES,2026-05-23 18:19:23
READ_ALL_TRAINERS,2026-05-23 18:19:23
READ_ALL_WILD_CREATURES,2026-05-23 18:19:23
READ_ALL_TRAINER_CREATURES,2026-05-23 18:19:23
READ_ALL_TRAINERS,2026-05-23 18:20:23
READ_ALL_MOVES,2026-05-23 18:20:23
READ_ALL_TRAINER_CREATURES,2026-05-23 18:20:23
READ_ALL_WILD_CREATURES,2026-05-23 18:20:23
READ_ALL_TRAINERS,2026-05-23 18:21:23
READ_ALL_MOVES,2026-05-23 18:21:23
READ_ALL_TRAINER_CREATURES,2026-05-23 18:21:23
READ_ALL_WILD_CREATURES,2026-05-23 18:21:23
READ_ALL_TRAINERS,2026-05-23 18:22:23
READ_ALL_TRAINER_CREATURES,2026-05-23 18:22:23
READ_ALL_MOVES,2026-05-23 18:22:23
READ_ALL_WILD_CREATURES,2026-05-23 18:22:23
READ_ALL_TRAINERS,2026-05-23 18:23:23
READ_ALL_MOVES,2026-05-23 18:23:23
READ_ALL_TRAINER_CREATURES,2026-05-23 18:23:23
READ_ALL_WILD_CREATURES,2026-05-23 18:23:23
READ_ALL_TRAINERS,2026-05-23 18:24:23
READ_ALL_WILD_CREATURES,2026-05-23 18:24:23
READ_ALL_TRAINER_CREATURES,2026-05-23 18:24:23
READ_ALL_MOVES,2026-05-23 18:24:23
READ_ALL_TRAINERS,2026-05-23 18:25:23
READ_ALL_MOVES,2026-05-23 18:25:23
READ_ALL_TRAINER_CREATURES,2026-05-23 18:25:23
READ_ALL_WILD_CREATURES,2026-05-23 18:25:23
READ_ALL_TRAINERS,2026-05-23 18:26:23
READ_ALL_MOVES,2026-05-23 18:26:23
READ_ALL_TRAINER_CREATURES,2026-05-23 18:26:23
READ_ALL_WILD_CREATURES,2026-05-23 18:26:23
READ_ALL_TRAINERS,2026-05-23 18:27:23
READ_ALL_MOVES,2026-05-23 18:27:23
READ_ALL_WILD_CREATURES,2026-05-23 18:27:23
READ_ALL_TRAINER_CREATURES,2026-05-23 18:27:23
READ_ALL_TRAINERS,2026-05-23 18:28:23
READ_ALL_WILD_CREATURES,2026-05-23 18:28:23
READ_ALL_TRAINER_CREATURES,2026-05-23 18:28:23
READ_ALL_MOVES,2026-05-23 18:28:23
READ_ALL_TRAINERS,2026-05-23 18:29:23
READ_ALL_TRAINER_CREATURES,2026-05-23 18:29:23
READ_ALL_MOVES,2026-05-23 18:29:23
READ_ALL_WILD_CREATURES,2026-05-23 18:29:23
READ_ALL_MOVES,2026-05-23 18:30:23
READ_ALL_TRAINERS,2026-05-23 18:30:23
READ_ALL_TRAINER_CREATURES,2026-05-23 18:30:23
READ_ALL_WILD_CREATURES,2026-05-23 18:30:23
READ_ALL_TRAINERS,2026-05-23 18:31:23
READ_ALL_MOVES,2026-05-23 18:31:23
READ_ALL_TRAINER_CREATURES,2026-05-23 18:31:23
READ_ALL_WILD_CREATURES,2026-05-23 18:31:23
READ_ALL_TRAINERS,2026-05-23 18:32:23
READ_ALL_MOVES,2026-05-23 18:32:23
READ_ALL_TRAINER_CREATURES,2026-05-23 18:32:23
READ_ALL_WILD_CREATURES,2026-05-23 18:32:23
READ_ALL_TRAINERS,2026-05-23 18:33:23
READ_ALL_MOVES,2026-05-23 18:33:23
READ_ALL_WILD_CREATURES,2026-05-23 18:33:23
READ_ALL_TRAINER_CREATURES,2026-05-23 18:33:23
READ_ALL_TRAINERS,2026-05-23 18:34:23
READ_ALL_MOVES,2026-05-23 18:34:23
READ_ALL_TRAINER_CREATURES,2026-05-23 18:34:23
READ_ALL_WILD_CREATURES,2026-05-23 18:34:23
READ_ALL_TRAINERS,2026-05-23 18:35:23
READ_ALL_MOVES,2026-05-23 18:35:23
READ_ALL_TRAINER_CREATURES,2026-05-23 18:35:23
READ_ALL_WILD_CREATURES,2026-05-23 18:35:23
READ_ALL_TRAINERS,2026-05-23 18:36:23
READ_ALL_MOVES,2026-05-23 18:36:23
READ_ALL_TRAINER_CREATURES,2026-05-23 18:36:23
READ_ALL_WILD_CREATURES,2026-05-23 18:36:23
READ_ALL_TRAINERS,2026-05-23 18:37:23
READ_ALL_MOVES,2026-05-23 18:37:23
READ_ALL_TRAINER_CREATURES,2026-05-23 18:37:23
READ_ALL_WILD_CREATURES,2026-05-23 18:37:23
READ_ALL_TRAINERS,2026-05-23 18:38:23
READ_ALL_TRAINER_CREATURES,2026-05-23 18:38:23
READ_ALL_MOVES,2026-05-23 18:38:23
READ_ALL_WILD_CREATURES,2026-05-23 18:38:23
READ_ALL_TRAINERS,2026-05-23 18:39:23
READ_ALL_MOVES,2026-05-23 18:39:23
READ_ALL_TRAINER_CREATURES,2026-05-23 18:39:23
READ_ALL_WILD_CREATURES,2026-05-23 18:39:23
READ_ALL_MOVES,2026-05-23 18:40:23
READ_ALL_TRAINERS,2026-05-23 18:40:23
READ_ALL_TRAINER_CREATURES,2026-05-23 18:40:23
READ_ALL_WILD_CREATURES,2026-05-23 18:40:23
READ_ALL_TRAINERS,2026-05-23 18:41:23
READ_ALL_MOVES,2026-05-23 18:41:23
READ_ALL_TRAINER_CREATURES,2026-05-23 18:41:23
READ_ALL_WILD_CREATURES,2026-05-23 18:41:23
READ_ALL_TRAINERS,2026-05-23 18:42:23
READ_ALL_MOVES,2026-05-23 18:42:23
READ_ALL_TRAINER_CREATURES,2026-05-23 18:42:23
READ_ALL_WILD_CREATURES,2026-05-23 18:42:23
READ_ALL_TRAINERS,2026-05-23 18:43:23
READ_ALL_MOVES,2026-05-23 18:43:23
READ_ALL_TRAINER_CREATURES,2026-05-23 18:43:23
READ_ALL_WILD_CREATURES,2026-05-23 18:43:23
READ_ALL_TRAINERS,2026-05-23 18:44:23
READ_ALL_MOVES,2026-05-23 18:44:23
READ_ALL_WILD_CREATURES,2026-05-23 18:44:23
READ_ALL_TRAINER_CREATURES,2026-05-23 18:44:23
READ_ALL_TRAINERS,2026-05-23 18:45:23
READ_ALL_MOVES,2026-05-23 18:45:23
READ_ALL_TRAINER_CREATURES,2026-05-23 18:45:23
READ_ALL_WILD_CREATURES,2026-05-23 18:45:23
READ_ALL_TRAINERS,2026-05-23 18:46:23
READ_ALL_TRAINER_CREATURES,2026-05-23 18:46:23
READ_ALL_MOVES,2026-05-23 18:46:23
READ_ALL_WILD_CREATURES,2026-05-23 18:46:23
READ_ALL_TRAINERS,2026-05-23 18:47:23
READ_ALL_TRAINER_CREATURES,2026-05-23 18:47:23
READ_ALL_MOVES,2026-05-23 18:47:23
READ_ALL_WILD_CREATURES,2026-05-23 18:47:23
READ_ALL_TRAINERS,2026-05-23 18:48:23
READ_ALL_TRAINER_CREATURES,2026-05-23 18:48:23
READ_ALL_MOVES,2026-05-23 18:48:23
READ_ALL_WILD_CREATURES,2026-05-23 18:48:23
READ_ALL_TRAINERS,2026-05-23 18:49:23
READ_ALL_MOVES,2026-05-23 18:49:23
READ_ALL_WILD_CREATURES,2026-05-23 18:49:23
READ_ALL_TRAINER_CREATURES,2026-05-23 18:49:23
READ_ALL_MOVES,2026-05-23 18:50:23
READ_ALL_TRAINERS,2026-05-23 18:50:23
READ_ALL_TRAINER_CREATURES,2026-05-23 18:50:23
READ_ALL_WILD_CREATURES,2026-05-23 18:50:23
READ_ALL_TRAINERS,2026-05-23 18:51:23
READ_ALL_MOVES,2026-05-23 18:51:23
READ_ALL_WILD_CREATURES,2026-05-23 18:51:23
READ_ALL_TRAINER_CREATURES,2026-05-23 18:51:23
READ_ALL_TRAINERS,2026-05-23 18:52:23
READ_ALL_MOVES,2026-05-23 18:52:23
READ_ALL_TRAINER_CREATURES,2026-05-23 18:52:23
READ_ALL_WILD_CREATURES,2026-05-23 18:52:23
READ_ALL_TRAINERS,2026-05-23 18:53:23
READ_ALL_MOVES,2026-05-23 18:53:23
READ_ALL_TRAINER_CREATURES,2026-05-23 18:53:23
READ_ALL_WILD_CREATURES,2026-05-23 18:53:23
READ_ALL_TRAINERS,2026-05-23 18:54:23
READ_ALL_MOVES,2026-05-23 18:54:23
READ_ALL_TRAINER_CREATURES,2026-05-23 18:54:23
READ_ALL_WILD_CREATURES,2026-05-23 18:54:23
READ_ALL_TRAINERS,2026-05-23 18:55:23
READ_ALL_MOVES,2026-05-23 18:55:23
READ_ALL_WILD_CREATURES,2026-05-23 18:55:23
READ_ALL_TRAINER_CREATURES,2026-05-23 18:55:23
READ_ALL_MOVES,2026-05-23 18:56:23
READ_ALL_TRAINERS,2026-05-23 18:56:23
READ_ALL_TRAINER_CREATURES,2026-05-23 18:56:23
READ_ALL_WILD_CREATURES,2026-05-23 18:56:23
READ_ALL_TRAINERS,2026-05-23 18:57:23
READ_ALL_MOVES,2026-05-23 18:57:23
READ_ALL_TRAINER_CREATURES,2026-05-23 18:57:23
READ_ALL_WILD_CREATURES,2026-05-23 18:57:23
READ_ALL_TRAINERS,2026-05-23 18:58:23
READ_ALL_MOVES,2026-05-23 18:58:23
READ_ALL_TRAINER_CREATURES,2026-05-23 18:58:23
READ_ALL_WILD_CREATURES,2026-05-23 18:58:23
READ_ALL_TRAINERS,2026-05-23 18:59:23
READ_ALL_MOVES,2026-05-23 18:59:23
READ_ALL_WILD_CREATURES,2026-05-23 18:59:23
READ_ALL_TRAINER_CREATURES,2026-05-23 18:59:23
READ_ALL_TRAINERS,2026-05-23 19:00:23
READ_ALL_MOVES,2026-05-23 19:00:23
READ_ALL_WILD_CREATURES,2026-05-23 19:00:23
READ_ALL_TRAINER_CREATURES,2026-05-23 19:00:23
READ_ALL_TRAINERS,2026-05-23 19:01:23
READ_ALL_MOVES,2026-05-23 19:01:23
READ_ALL_TRAINER_CREATURES,2026-05-23 19:01:23
READ_ALL_WILD_CREATURES,2026-05-23 19:01:23
READ_ALL_TRAINERS,2026-05-23 19:02:23
READ_ALL_TRAINER_CREATURES,2026-05-23 19:02:23
READ_ALL_MOVES,2026-05-23 19:02:23
READ_ALL_WILD_CREATURES,2026-05-23 19:02:23
READ_ALL_MOVES,2026-05-23 19:03:23
READ_ALL_TRAINERS,2026-05-23 19:03:23
READ_ALL_TRAINER_CREATURES,2026-05-23 19:03:23
READ_ALL_WILD_CREATURES,2026-05-23 19:03:23
READ_ALL_TRAINERS,2026-05-23 19:04:23
READ_ALL_MOVES,2026-05-23 19:04:23
READ_ALL_TRAINER_CREATURES,2026-05-23 19:04:23
READ_ALL_WILD_CREATURES,2026-05-23 19:04:23
READ_ALL_TRAINERS,2026-05-23 19:05:23
READ_ALL_MOVES,2026-05-23 19:05:23
READ_ALL_WILD_CREATURES,2026-05-23 19:05:23
READ_ALL_TRAINER_CREATURES,2026-05-23 19:05:23
READ_ALL_MOVES,2026-05-23 19:06:23
READ_ALL_TRAINERS,2026-05-23 19:06:23
READ_ALL_TRAINER_CREATURES,2026-05-23 19:06:23
READ_ALL_WILD_CREATURES,2026-05-23 19:06:23
READ_ALL_TRAINERS,2026-05-23 19:07:23
READ_ALL_MOVES,2026-05-23 19:07:23
READ_ALL_WILD_CREATURES,2026-05-23 19:07:23
READ_ALL_TRAINER_CREATURES,2026-05-23 19:07:23
READ_ALL_TRAINERS,2026-05-23 19:09:17
REGISTER_TRAINER,2026-05-23 19:09:17
REGISTER_TRAINER,2026-05-23 19:09:17
REGISTER_TRAINER,2026-05-23 19:09:17
READ_ALL_TRAINER_CREATURES,2026-05-23 19:09:18
READ_ALL_TRAINERS,2026-05-23 19:09:18
READ_ALL_MOVES,2026-05-23 19:09:18
READ_ALL_WILD_CREATURES,2026-05-23 19:09:18
READ_ALL_MOVES,2026-05-23 19:09:20
READ_ALL_TRAINERS,2026-05-23 19:09:20
READ_ALL_TRAINER_CREATURES,2026-05-23 19:09:20
READ_ALL_WILD_CREATURES,2026-05-23 19:09:20
READ_TRAINER_BY_ID,2026-05-23 19:09:36
UPDATE_TRAINER,2026-05-23 19:09:36
BUY_ITEM,2026-05-23 19:09:36
READ_ALL_TRAINERS,2026-05-23 19:09:36
READ_ALL_MOVES,2026-05-23 19:09:36
READ_ALL_TRAINER_CREATURES,2026-05-23 19:09:36
READ_ALL_WILD_CREATURES,2026-05-23 19:09:36
READ_TRAINER_BY_ID,2026-05-23 19:09:39
UPDATE_TRAINER,2026-05-23 19:09:40
BUY_ITEM,2026-05-23 19:09:40
READ_ALL_TRAINERS,2026-05-23 19:09:40
READ_ALL_MOVES,2026-05-23 19:09:40
READ_ALL_TRAINER_CREATURES,2026-05-23 19:09:40
READ_ALL_WILD_CREATURES,2026-05-23 19:09:40
READ_TRAINER_BY_ID,2026-05-23 19:09:40
UPDATE_TRAINER,2026-05-23 19:09:40
BUY_ITEM,2026-05-23 19:09:40
READ_ALL_TRAINERS,2026-05-23 19:09:40
READ_ALL_MOVES,2026-05-23 19:09:40
READ_ALL_TRAINER_CREATURES,2026-05-23 19:09:40
READ_ALL_WILD_CREATURES,2026-05-23 19:09:40
READ_ALL_MOVES,2026-05-23 19:09:50
READ_ALL_TRAINERS,2026-05-23 19:09:50
READ_ALL_TRAINER_CREATURES,2026-05-23 19:09:50
READ_ALL_WILD_CREATURES,2026-05-23 19:09:50
READ_TRAINER_BY_ID,2026-05-23 19:09:58
READ_WILD_CREATURE_BY_ID,2026-05-23 19:09:58
READ_CREATURES_BY_TRAINER,2026-05-23 19:09:58
UPDATE_CREATURE,2026-05-23 19:09:58
WILD_ENCOUNTER_TURN,2026-05-23 19:09:58
READ_TRAINER_BY_ID,2026-05-23 19:09:59
READ_WILD_CREATURE_BY_ID,2026-05-23 19:09:59
READ_CREATURES_BY_TRAINER,2026-05-23 19:09:59
UPDATE_CREATURE,2026-05-23 19:09:59
WILD_ENCOUNTER_TURN,2026-05-23 19:09:59
READ_ALL_TRAINERS,2026-05-23 19:09:59
READ_ALL_MOVES,2026-05-23 19:09:59
READ_ALL_TRAINER_CREATURES,2026-05-23 19:09:59
READ_ALL_WILD_CREATURES,2026-05-23 19:09:59
READ_CREATURES_BY_TRAINER,2026-05-23 19:10:09
READ_ALL_MOVES,2026-05-23 19:10:20
READ_ALL_TRAINERS,2026-05-23 19:10:20
READ_ALL_TRAINER_CREATURES,2026-05-23 19:10:20
READ_ALL_WILD_CREATURES,2026-05-23 19:10:20
READ_ALL_MOVES,2026-05-23 19:10:49
READ_ALL_TRAINERS,2026-05-23 19:10:49
READ_ALL_TRAINER_CREATURES,2026-05-23 19:10:49
READ_ALL_WILD_CREATURES,2026-05-23 19:10:49
READ_ALL_TRAINERS,2026-05-23 19:10:50
READ_ALL_MOVES,2026-05-23 19:10:50
READ_ALL_TRAINER_CREATURES,2026-05-23 19:10:50
READ_ALL_WILD_CREATURES,2026-05-23 19:10:50
READ_ALL_MOVES,2026-05-23 19:11:20
READ_ALL_TRAINERS,2026-05-23 19:11:20
READ_ALL_TRAINER_CREATURES,2026-05-23 19:11:20
READ_ALL_WILD_CREATURES,2026-05-23 19:11:20
READ_ALL_TRAINERS,2026-05-23 19:11:50
READ_ALL_MOVES,2026-05-23 19:11:50
READ_ALL_TRAINER_CREATURES,2026-05-23 19:11:50
READ_ALL_WILD_CREATURES,2026-05-23 19:11:50
READ_ALL_WILD_CREATURES,2026-05-23 19:12:21
READ_ALL_MOVES,2026-05-23 19:12:21
READ_ALL_TRAINERS,2026-05-23 19:12:21
READ_ALL_TRAINER_CREATURES,2026-05-23 19:12:21
READ_ALL_TRAINERS,2026-05-23 19:12:50
READ_ALL_MOVES,2026-05-23 19:12:50
READ_ALL_TRAINER_CREATURES,2026-05-23 19:12:50
READ_ALL_WILD_CREATURES,2026-05-23 19:12:50
READ_ALL_TRAINERS,2026-05-23 19:13:23
READ_ALL_MOVES,2026-05-23 19:13:23
READ_ALL_WILD_CREATURES,2026-05-23 19:13:23
READ_ALL_TRAINER_CREATURES,2026-05-23 19:13:23
READ_ALL_TRAINERS,2026-05-23 19:14:23
READ_ALL_MOVES,2026-05-23 19:14:23
READ_ALL_WILD_CREATURES,2026-05-23 19:14:23
READ_ALL_TRAINER_CREATURES,2026-05-23 19:14:23
READ_ALL_TRAINERS,2026-05-23 19:14:52
READ_ALL_MOVES,2026-05-23 19:14:52
READ_ALL_TRAINER_CREATURES,2026-05-23 19:14:52
READ_ALL_WILD_CREATURES,2026-05-23 19:14:52
READ_ALL_TRAINERS,2026-05-23 19:15:56
REGISTER_TRAINER,2026-05-23 19:15:56
REGISTER_TRAINER,2026-05-23 19:15:56
REGISTER_TRAINER,2026-05-23 19:15:56
READ_ALL_TRAINERS,2026-05-23 19:15:57
READ_ALL_MOVES,2026-05-23 19:15:57
READ_ALL_TRAINER_CREATURES,2026-05-23 19:15:57
READ_ALL_WILD_CREATURES,2026-05-23 19:15:57
READ_ALL_MOVES,2026-05-23 19:15:59
READ_ALL_TRAINERS,2026-05-23 19:15:59
READ_ALL_TRAINER_CREATURES,2026-05-23 19:15:59
READ_ALL_WILD_CREATURES,2026-05-23 19:15:59
READ_ALL_TRAINERS,2026-05-25 16:50:42
REGISTER_TRAINER,2026-05-25 16:50:42
REGISTER_TRAINER,2026-05-25 16:50:42
REGISTER_TRAINER,2026-05-25 16:50:42
READ_ALL_MOVES,2026-05-25 16:50:56
READ_ALL_TRAINERS,2026-05-25 16:50:56
READ_ALL_WILD_CREATURES,2026-05-25 16:50:56
READ_ALL_TRAINER_CREATURES,2026-05-25 16:50:56
READ_TRAINER_BY_ID,2026-05-25 16:51:18
READ_TRAINER_BY_ID,2026-05-25 16:51:18
READ_CREATURES_BY_TRAINER,2026-05-25 16:51:18
READ_CREATURES_BY_TRAINER,2026-05-25 16:51:18
CONDUCT_BATTLE,2026-05-25 16:51:18
READ_ALL_TRAINERS,2026-05-25 16:51:18
READ_ALL_MOVES,2026-05-25 16:51:18
READ_ALL_TRAINER_CREATURES,2026-05-25 16:51:18
READ_ALL_WILD_CREATURES,2026-05-25 16:51:18
READ_ALL_TRAINERS,2026-05-25 16:51:26
READ_ALL_TRAINER_CREATURES,2026-05-25 16:51:26
READ_ALL_MOVES,2026-05-25 16:51:26
READ_ALL_WILD_CREATURES,2026-05-25 16:51:26
READ_ALL_TRAINERS,2026-05-25 16:51:56
READ_ALL_MOVES,2026-05-25 16:51:56
READ_ALL_TRAINER_CREATURES,2026-05-25 16:51:56
READ_ALL_WILD_CREATURES,2026-05-25 16:51:56
READ_ALL_TRAINER_CREATURES,2026-05-25 16:52:26
READ_ALL_TRAINERS,2026-05-25 16:52:26
READ_ALL_MOVES,2026-05-25 16:52:26
READ_ALL_WILD_CREATURES,2026-05-25 16:52:26
READ_ALL_MOVES,2026-05-25 16:52:42
READ_ALL_TRAINERS,2026-05-25 16:52:42
READ_ALL_TRAINER_CREATURES,2026-05-25 16:52:42
READ_ALL_WILD_CREATURES,2026-05-25 16:52:42
READ_ALL_TRAINERS,2026-06-10 12:42:37
REGISTER_TRAINER,2026-06-10 12:42:38
REGISTER_TRAINER,2026-06-10 12:42:38
REGISTER_TRAINER,2026-06-10 12:42:38
REGISTER_TRAINER,2026-06-10 12:42:45
REGISTER_TRAINER,2026-06-10 12:42:45
PRINT_RANKING,2026-06-10 12:42:49
READ_ALL_MOVES,2026-06-10 12:43:03
READ_ALL_TRAINERS,2026-06-10 13:16:23
REGISTER_TRAINER,2026-06-10 13:16:23
REGISTER_TRAINER,2026-06-10 13:16:23
REGISTER_TRAINER,2026-06-10 13:16:23
READ_ALL_TRAINERS,2026-06-10 13:16:31
READ_ALL_MOVES,2026-06-10 13:16:31
READ_ALL_WILD_CREATURES,2026-06-10 13:16:31
READ_ALL_TRAINER_CREATURES,2026-06-10 13:16:31
READ_ALL_TRAINERS,2026-06-10 13:29:50
REGISTER_TRAINER,2026-06-10 13:29:50
REGISTER_TRAINER,2026-06-10 13:29:50
REGISTER_TRAINER,2026-06-10 13:29:50
READ_ALL_TRAINERS,2026-06-10 13:29:55
READ_ALL_MOVES,2026-06-10 13:29:55
READ_ALL_TRAINER_CREATURES,2026-06-10 13:29:55
READ_ALL_WILD_CREATURES,2026-06-10 13:29:55
READ_ALL_MOVES,2026-06-10 13:30:25
READ_ALL_TRAINER_CREATURES,2026-06-10 13:30:25
READ_ALL_TRAINERS,2026-06-10 13:30:25
READ_ALL_WILD_CREATURES,2026-06-10 13:30:25
READ_CREATURES_BY_TRAINER,2026-06-10 13:30:31
UPDATE_CREATURE,2026-06-10 13:30:31
UPDATE_CREATURE,2026-06-10 13:30:31
UPDATE_CREATURE,2026-06-10 13:30:31
HEAL_TEAM,2026-06-10 13:30:31
READ_ALL_TRAINERS,2026-06-10 13:30:31
READ_ALL_MOVES,2026-06-10 13:30:31
READ_ALL_TRAINER_CREATURES,2026-06-10 13:30:31
READ_ALL_WILD_CREATURES,2026-06-10 13:30:31
READ_CREATURES_BY_TRAINER,2026-06-10 13:30:32
UPDATE_CREATURE,2026-06-10 13:30:32
UPDATE_CREATURE,2026-06-10 13:30:32
HEAL_TEAM,2026-06-10 13:30:32
READ_ALL_TRAINERS,2026-06-10 13:30:32
READ_ALL_MOVES,2026-06-10 13:30:32
READ_ALL_TRAINER_CREATURES,2026-06-10 13:30:32
READ_ALL_WILD_CREATURES,2026-06-10 13:30:32
READ_CREATURES_BY_TRAINER,2026-06-10 13:30:34
UPDATE_CREATURE,2026-06-10 13:30:34
HEAL_TEAM,2026-06-10 13:30:34
READ_ALL_TRAINERS,2026-06-10 13:30:34
READ_ALL_WILD_CREATURES,2026-06-10 13:30:34
READ_ALL_TRAINER_CREATURES,2026-06-10 13:30:34
READ_ALL_MOVES,2026-06-10 13:30:34
READ_CREATURES_BY_TRAINER,2026-06-10 13:30:35
HEAL_TEAM,2026-06-10 13:30:35
READ_ALL_MOVES,2026-06-10 13:30:35
READ_ALL_TRAINERS,2026-06-10 13:30:35
READ_ALL_TRAINER_CREATURES,2026-06-10 13:30:35
READ_ALL_WILD_CREATURES,2026-06-10 13:30:35
READ_CREATURES_BY_TRAINER,2026-06-10 13:30:36
HEAL_TEAM,2026-06-10 13:30:36
READ_ALL_TRAINERS,2026-06-10 13:30:36
READ_ALL_MOVES,2026-06-10 13:30:36
READ_ALL_TRAINER_CREATURES,2026-06-10 13:30:36
READ_ALL_WILD_CREATURES,2026-06-10 13:30:36
READ_ALL_TRAINERS,2026-06-10 13:30:56
READ_ALL_TRAINER_CREATURES,2026-06-10 13:30:56
READ_ALL_MOVES,2026-06-10 13:30:56
READ_ALL_WILD_CREATURES,2026-06-10 13:30:56
READ_ALL_MOVES,2026-06-10 13:31:25
READ_ALL_TRAINERS,2026-06-10 13:31:25
READ_ALL_TRAINER_CREATURES,2026-06-10 13:31:25
READ_ALL_WILD_CREATURES,2026-06-10 13:31:25
READ_ALL_TRAINERS,2026-06-10 13:31:55
READ_ALL_TRAINER_CREATURES,2026-06-10 13:31:55
READ_ALL_MOVES,2026-06-10 13:31:55
READ_ALL_WILD_CREATURES,2026-06-10 13:31:55
READ_ALL_TRAINERS,2026-06-10 13:32:04
REGISTER_TRAINER,2026-06-10 13:32:04
REGISTER_TRAINER,2026-06-10 13:32:04
REGISTER_TRAINER,2026-06-10 13:32:04
READ_ALL_TRAINERS,2026-06-10 13:32:10
READ_ALL_MOVES,2026-06-10 13:32:10
READ_ALL_TRAINER_CREATURES,2026-06-10 13:32:10
READ_ALL_WILD_CREATURES,2026-06-10 13:32:10
DELETE_TRAINER,2026-06-10 13:32:23
READ_ALL_TRAINERS,2026-06-10 13:32:23
READ_ALL_MOVES,2026-06-10 13:32:23
READ_ALL_WILD_CREATURES,2026-06-10 13:32:23
READ_ALL_TRAINER_CREATURES,2026-06-10 13:32:23
READ_ALL_MOVES,2026-06-10 13:32:40
READ_ALL_TRAINERS,2026-06-10 13:32:40
READ_ALL_TRAINER_CREATURES,2026-06-10 13:32:40
READ_ALL_WILD_CREATURES,2026-06-10 13:32:40
READ_ALL_MOVES,2026-06-10 13:33:10
READ_ALL_TRAINERS,2026-06-10 13:33:10
READ_ALL_TRAINER_CREATURES,2026-06-10 13:33:10
READ_ALL_WILD_CREATURES,2026-06-10 13:33:10
READ_ALL_TRAINERS,2026-06-10 13:33:40
READ_ALL_TRAINER_CREATURES,2026-06-10 13:33:40
READ_ALL_MOVES,2026-06-10 13:33:40
READ_ALL_WILD_CREATURES,2026-06-10 13:33:40
READ_ALL_TRAINERS,2026-06-10 13:34:10
READ_ALL_MOVES,2026-06-10 13:34:10
READ_ALL_TRAINER_CREATURES,2026-06-10 13:34:10
READ_ALL_WILD_CREATURES,2026-06-10 13:34:10
READ_ALL_TRAINERS,2026-06-10 13:34:40
READ_ALL_MOVES,2026-06-10 13:34:40
READ_ALL_TRAINER_CREATURES,2026-06-10 13:34:40
READ_ALL_WILD_CREATURES,2026-06-10 13:34:40
READ_ALL_TRAINER_CREATURES,2026-06-10 13:35:10
READ_ALL_TRAINERS,2026-06-10 13:35:10
READ_ALL_MOVES,2026-06-10 13:35:10
READ_ALL_WILD_CREATURES,2026-06-10 13:35:10
READ_ALL_MOVES,2026-06-10 13:35:40
READ_ALL_TRAINERS,2026-06-10 13:35:40
READ_ALL_TRAINER_CREATURES,2026-06-10 13:35:40
READ_ALL_WILD_CREATURES,2026-06-10 13:35:40
READ_ALL_TRAINERS,2026-06-10 13:36:10
READ_ALL_MOVES,2026-06-10 13:36:10
READ_ALL_WILD_CREATURES,2026-06-10 13:36:10
READ_ALL_TRAINER_CREATURES,2026-06-10 13:36:10
READ_ALL_TRAINERS,2026-06-10 13:36:40
READ_ALL_MOVES,2026-06-10 13:36:40
READ_ALL_TRAINER_CREATURES,2026-06-10 13:36:40
READ_ALL_WILD_CREATURES,2026-06-10 13:36:40
READ_ALL_MOVES,2026-06-10 13:36:52
READ_ALL_TRAINERS,2026-06-10 13:36:52
READ_ALL_TRAINER_CREATURES,2026-06-10 13:36:52
READ_ALL_WILD_CREATURES,2026-06-10 13:36:52
READ_ALL_MOVES,2026-06-10 13:36:53
READ_ALL_TRAINERS,2026-06-10 13:36:53
READ_ALL_TRAINER_CREATURES,2026-06-10 13:36:53
READ_ALL_WILD_CREATURES,2026-06-10 13:36:53
READ_ALL_TRAINERS,2026-06-10 13:36:54
READ_ALL_TRAINER_CREATURES,2026-06-10 13:36:54
READ_ALL_MOVES,2026-06-10 13:36:54
READ_ALL_WILD_CREATURES,2026-06-10 13:36:54
